channel,array_name,n_sessions,median_pairwise_r,icc,sign_concordance,n_same_sign,si_mean,si_std,si_median_abs,si_pairwise_median_delta,stable
1,A1,10,0.08426897657567849,0.08843329226352092,0.7,7,-0.0022597329927020226,0.0028385200761047225,0.0036625141933993577,0.003022595751010145,False
2,A1,7,0.027335270588739656,0.008169722542409143,0.5714285714285714,4,-0.006317889537063572,0.018322246938797283,0.006298155044979571,0.014627997542169383,False
3,A1,8,0.05738188462781752,-0.0037042828556716704,0.5,4,-0.0012191556148628555,0.004446203791079771,0.002178946330918629,0.004078147350894724,False
4,A1,10,0.08473476380760316,0.03306294406132165,0.9,9,0.0027627959298953996,0.004605559329153769,0.002778481229641778,0.004602922663619961,False
6,A1,10,0.009952465130101031,-0.005204829429266791,0.7,7,0.0028105085091180517,0.0037216604238128003,0.002728853182981655,0.003933942920601528,False
8,A1,9,0.03519084237872308,0.007411062255230593,0.5555555555555556,5,-0.0014570997578388012,0.004967571022325964,0.00227288110793232,0.005309777544082679,False
9,A1,10,0.30087847955013003,0.17147226806306226,0.9,9,0.009337932219976652,0.009072713663993216,0.006481534415011266,0.007010243909079495,False
10,A1,10,-0.00738005364888568,0.005225556484675065,0.8,8,0.0026349370125103976,0.0025968949316161425,0.0029439685881371635,0.0028600067434166633,False
11,A1,10,0.22158861817888437,0.18199240589573046,0.7,7,0.006150713263239763,0.012758232314739746,0.01011066311695573,0.01602718346557233,False
12,A1,10,0.04847782031526565,0.015779178285218572,1.0,10,0.004898391519062775,0.003439675654326213,0.0037264000803313557,0.003479324896606396,False
13,A1,10,0.43707125524254087,0.30452901435581914,0.8,8,0.00400027798770111,0.004473104584431695,0.0030618247334022707,0.004784150123295845,False
14,A1,10,0.15348762435289323,0.08871128567705358,0.8,8,0.0036307077441176797,0.003784618978056174,0.0037942579063074875,0.004182078709175734,False
15,A1,10,0.4280174826700398,0.3679962473611615,1.0,10,0.018964314560324276,0.00466537367229977,0.018831472589515542,0.004963715195974376,False
17,A1,10,0.21600714277102584,0.08526725018071438,0.8,8,0.006458458656387807,0.006043987805000008,0.007067608128475641,0.007120284803851112,False
18,A1,10,0.18399332258494672,0.10468754694135969,1.0,10,0.012957356905384571,0.004973323809345531,0.012729368446972027,0.0056998813401774005,False
19,A1,10,0.2395210698441467,0.1891731282099715,0.5,5,-0.00010421892504980017,0.005342324375665118,0.005657782214711223,0.006268940666406701,False
20,A1,5,0.01671901733790235,-0.012818571843782076,0.6,3,0.0073518010767894045,0.021183530190108355,0.01568578864183173,0.028330396086283516,False
21,A1,8,0.08575554166391192,0.08071497942983312,0.875,7,0.005871121407721086,0.006610011967685693,0.004381485011204949,0.006596191266908459,False
22,A1,10,0.625181133112843,0.5167231592119538,1.0,10,-0.013177073167887996,0.007509984771080017,0.013366448518066374,0.00783334929585993,True
23,A1,10,0.1896236679991749,-0.01549899417542954,0.6,6,0.002387318445347309,0.0046612946210866455,0.00419583516955317,0.005726376895770091,False
24,A1,9,0.016829605118257616,0.014084599433674076,0.5555555555555556,5,0.0005825207419368511,0.011672443255038576,0.003963960289936937,0.0095865653237286,False
25,A1,5,0.04454637011931694,0.14760851819455326,0.8,4,0.00568033884761143,0.005025596023918992,0.003865280987867973,0.00762407282220821,False
26,A1,10,0.038765001311269184,-0.011624598777086634,0.7,7,0.004875680594792981,0.008964619297372169,0.006393107247451689,0.008961800142790403,False
27,A1,10,0.07356876791349287,0.027763823273040143,0.9,9,0.0047340542695092185,0.012916652423721467,0.00462330866530092,0.011696557716857032,False
28,A1,10,0.11731515815090372,0.06227671559705898,0.8,8,0.006547772209409506,0.00741928843852208,0.003870389613272235,0.007601337365560936,False
29,A1,10,0.3808687423143283,0.20717673509685222,0.9,9,0.011535268660375903,0.00938936412083252,0.013425178093815623,0.012373127092691567,False
30,A1,10,0.7347243801091644,0.4643104038601101,1.0,10,0.034041052565928404,0.016594523221993587,0.03168706863971831,0.01710541100969374,True
31,A1,10,0.41770768485270227,0.34667594116906764,0.9,9,0.008477070580134078,0.0051711159410940555,0.007760961085647696,0.005810822366553432,False
32,A1,10,0.6526742914551101,0.5079353352500314,1.0,10,0.019606099300136483,0.008261178392712272,0.018174764574932622,0.008564144023166267,True
33,A2,7,-0.025738196141014066,-0.0028914474886523205,0.8571428571428571,6,0.009497610409162307,0.012544023884532688,0.0070861398994800815,0.015068701107426422,False
34,A2,8,0.0849536125228331,0.010276841764267184,0.625,5,-0.0027883533657202097,0.020602241156783302,0.0037064777659520146,0.025438671401963,False
36,A2,9,-0.05059111521718131,-0.005021957502601424,0.6666666666666666,6,-0.006562253083888408,0.012117137362882984,0.0037421465158971345,0.005379698775512406,False
37,A2,10,-0.033427437005666805,-0.0034863499296476056,0.8,8,0.0009976352625203362,0.020136738964176087,0.0027566808340156995,0.007104930949844301,False
38,A2,5,-0.00637651563039263,-0.005057081345942229,0.6,3,-0.012275075738655359,0.03185896231761767,0.004725085324813922,0.006487249161503345,False
39,A2,10,0.1787610574656396,0.1314387314835194,0.8,8,-0.00038584994518759677,0.0026923749393664674,0.0018123363932469778,0.001889668895269272,False
40,A2,10,0.08542972789967981,0.02363622140646773,0.7,7,0.0016478759959605114,0.0119388601265663,0.003986128961826726,0.010704629285244531,False
41,A2,10,0.39112901639891884,0.2589751324638234,1.0,10,0.011699022459926304,0.006729933415063918,0.01086781661269759,0.007264322964960455,False
42,A2,10,0.016828550802147926,-0.002633335677312784,0.7,7,0.004592929597454054,0.006606992359643354,0.004323561479556319,0.006503971177915874,False
43,A2,10,0.5363708474416236,0.2895873776915516,0.7,7,0.003131903462864618,0.006558529105654618,0.0057882312617624125,0.007268230566756292,False
44,A2,10,0.3098320066879343,0.011403274721657638,0.7,7,-0.004400014039273931,0.030913704630417264,0.010993098843065475,0.013815021543066047,False
45,A2,8,0.22072014422898387,0.22205244944032246,1.0,8,0.0026643622152494884,0.0018381072696712583,0.0025058984452994734,0.0017954720757330767,False
46,A2,10,0.04983046609579716,0.02259512190926464,0.9,9,-0.005223533460893107,0.005324904249937554,0.003941322799182463,0.004519507777201936,False
47,A2,10,0.5811258408212351,0.46459056076169697,0.8,8,-0.006270231663626819,0.007400930056273983,0.005688804234606888,0.008509572219642388,True
48,A2,9,0.012846217829829075,0.019838660757380708,0.6666666666666666,6,-0.006352838920625167,0.013410395375860843,0.003606377312838737,0.005842965015347366,False
49,A2,10,0.03502671588752127,0.011729021704239385,0.6,6,0.0015979442490291714,0.00886623930727922,0.002458906856310489,0.005109517271102766,False
50,A2,8,-0.03298161932659176,-0.009284494530019427,0.75,6,0.005568293333517416,0.007271908852029695,0.002872100996299533,0.004133227140659549,False
51,A2,9,0.013726181986695249,0.0017933595146433082,0.5555555555555556,5,0.001152320029690545,0.004131318021732289,0.0039062442970858144,0.004884538125142805,False
52,A2,9,0.2217614485156848,0.18887099580474156,0.7777777777777778,7,-0.002439201214847666,0.0026205012356623134,0.0018691192005733975,0.003168230815351998,False
53,A2,10,0.06444958933302243,0.009929335408198991,0.7,7,-0.001159995117694164,0.002259849392864678,0.0016687321750700418,0.0026396101188056716,False
54,A2,8,-0.0012892671332302738,0.023096600681591476,0.875,7,0.0022247252532273942,0.0015100193849506263,0.0022002973859570297,0.001548007175774768,False
55,A2,10,-0.010649840669214074,-0.006949652243467021,0.6,6,0.0011579382080582348,0.002743657001004765,0.0015680106634545802,0.0023245876419037983,False
56,A2,3,-0.05320085051657534,-0.07584119904066756,0.6666666666666666,2,-0.0041708022445329325,0.004549437155901938,0.003049870679270955,0.0071680814077556415,False
57,A2,10,0.01867530260221838,0.011305760298709246,0.7,7,0.0011185222804418944,0.007368247694820647,0.001591767720188391,0.002329594943290741,False
58,A2,10,-0.002242344361490135,-0.0005435629275016235,0.7,7,-0.001090049132006337,0.0029347211391547072,0.000739072409551422,0.0020651990420032977,False
59,A2,10,0.14898174506903958,0.08466009179589096,0.8,8,0.005054981252714331,0.004424341432830297,0.005062699890339279,0.005747503245691368,False
60,A2,10,0.020596550517455722,0.009289753785065974,1.0,10,0.007394395421079491,0.006888729503854557,0.006674602408274858,0.004622763728274356,False
61,A2,7,0.3635827989137713,0.19701666286958128,1.0,7,0.008871052512985382,0.00577343691546075,0.008939617356237545,0.007034274979353914,False
62,A2,10,0.3849392519913355,0.17494876248357658,0.9,9,0.00450860657918308,0.009674922451146527,0.008113521797023744,0.007378648466636718,False
63,A2,10,0.6030529181501921,0.44975828728525247,0.9,9,0.012429948828066863,0.006540970755874641,0.011106959397581107,0.005703303136314709,True
64,A2,10,0.20260153957875968,0.0806513697960133,0.8,8,-0.007971025013188911,0.011337413401917237,0.005096311315566295,0.0074959939452294835,False
65,A3,9,0.3288170827893273,0.18149026432093424,0.8888888888888888,8,0.007623132628203629,0.0056733617408591475,0.006999347550471271,0.006354563529746259,False
66,A3,9,0.34327135433580813,0.09225573560696936,0.8888888888888888,8,-0.010708013712874736,0.013866259132401849,0.00844450416841832,0.017039032193588405,False
67,A3,7,0.3762791396165855,0.2096750947833164,1.0,7,0.021331738658440038,0.01550748376100947,0.014981970786101372,0.01583674746040828,False
68,A3,7,0.42723150083044525,0.277818737269937,0.8571428571428571,6,0.01670761154625342,0.015094882035513341,0.014268840010504782,0.020923007128270582,False
69,A3,10,0.3587881758017583,0.10693136812034723,0.6,6,0.0026061452720089885,0.02079347504670218,0.010493817974388451,0.01573511323980929,False
70,A3,10,0.3576189388686037,0.24321654491433228,1.0,10,0.008333210493384747,0.004491117884358114,0.007420792092346399,0.0038118296970666397,False
71,A3,9,0.7061694239117886,0.5719101225932796,0.7777777777777778,7,0.008231039710319217,0.010652999313866197,0.01080274956607951,0.012352905110606018,True
72,A3,10,0.011056060312857777,-0.0025636265475361885,0.7,7,-0.0007934149087969232,0.009499190875018342,0.002554057499399422,0.010178163643225407,False
73,A3,9,0.00544774680558695,-0.024078299730371053,0.5555555555555556,5,0.0005089812407883917,0.0046350032639585525,0.002814907212769193,0.0034127238620154984,False
74,A3,10,-0.008560514095124056,0.008193186900914669,0.8,8,0.0043079715130319215,0.005371650503119498,0.0030133612042262583,0.0050878959035066534,False
75,A3,10,0.023583696170092518,-0.01457768948169465,0.8,8,0.0024390997152698417,0.003869997428099499,0.0045169683441756096,0.0041663286925081935,False
76,A3,10,0.3803233221727946,0.18259131324128022,0.7,7,0.00780043157378846,0.011199753117269265,0.007302662575337586,0.014049464446899607,False
77,A3,10,0.16000870431422898,0.04789758536362533,0.7,7,0.003754645531369566,0.009797748413972586,0.004981234499551556,0.011074448599102681,False
78,A3,10,0.2695127272290725,0.11999148783088887,0.6,6,-0.002347175379773059,0.006740306314181373,0.0029853776296053106,0.00506377439159484,False
79,A3,9,0.19353362915736172,0.013897424403610645,0.6666666666666666,6,-0.0010915824122477837,0.043137092780468005,0.00899005821315188,0.018933489273239675,False
80,A3,10,0.21599971437280324,0.14244939387845154,0.9,9,0.004103722291192223,0.003555854984400408,0.003336765297010726,0.0038742444265440264,False
81,A3,10,0.16954438637938468,0.18405729175663935,0.9,9,0.004380196837635438,0.0030279817792296776,0.005155531507150597,0.003024787357648114,False
82,A3,10,0.49158602470289886,0.2889524119981723,0.8,8,0.012602419382254124,0.009161495264080888,0.015293040008683995,0.009105892802440316,False
83,A3,9,0.02740908963828105,3.970894373048273e-05,0.5555555555555556,5,-0.01388735861497032,0.04564404824428609,0.0027016952931558334,0.006366175964154413,False
84,A3,10,0.024405729000678406,0.013452271568222532,0.8,8,0.006338089461519513,0.0059885509109267095,0.006774666091629691,0.006755071540608779,False
85,A3,10,0.7248247133076411,0.46664395709332895,1.0,10,0.026843674564350363,0.0179495602737603,0.022933157815033356,0.018213207841484752,True
86,A3,9,0.12282096424325506,0.013430727369378835,0.7777777777777778,7,0.0021475543610499064,0.025089760382971976,0.017095458784071933,0.024317203566449216,False
87,A3,10,0.33443090338871423,0.2638153035044082,1.0,10,0.015249798665953385,0.004983142030055204,0.013567880097352603,0.004861462031437313,False
88,A3,10,0.09421488677539214,0.032324957750469736,0.8,8,0.006206137984019701,0.007702143087786391,0.005757797126094799,0.008826586096586715,False
89,A3,9,-0.03140505280801942,-0.014972661852942947,0.6666666666666666,6,0.001734161441290313,0.002506290032664665,0.0014251102525446094,0.0030007666702245714,False
90,A3,9,0.05455452768685079,0.013314199496265663,0.5555555555555556,5,-0.0012843382696877915,0.0038836053207975314,0.00120441962464274,0.002956615699790172,False
91,A3,8,0.06248255155707086,0.059397085585593236,1.0,8,0.005379333624688001,0.004958551292621626,0.002889375123051741,0.0037559245129452938,False
92,A3,3,0.07846834650723623,0.004089293991339627,1.0,3,-0.021703601760304767,0.005852690628366923,0.020749939112689682,0.008550808364268553,False
93,A3,10,0.11511953327874805,0.07665057715993047,0.9,9,0.004682594760583015,0.004018856053579311,0.004108747084324496,0.0037957256448446367,False
94,A3,9,0.10275811769078375,0.027222221915357968,0.7777777777777778,7,0.005453117120478588,0.00924606294053068,0.004522086859194088,0.010795378797459003,False
95,A3,10,0.6929490733180711,0.49140956075391923,0.5,5,-0.008763290778109502,0.018009950422868633,0.00996561368651223,0.019834897978849554,False
96,A3,7,-0.016591049430729612,0.06360593135798046,0.5714285714285714,4,-0.002017343421832892,0.006268534871938423,0.004300739025147365,0.007094700496656802,False
97,A4,10,-0.007913634708573244,0.00040925690467033554,0.6,6,0.0017807669890632233,0.011514085324925923,0.00498435502028663,0.007117665005473488,False
98,A4,10,0.16472654002198006,0.06083489671941033,0.5,5,-0.0002603661698182159,0.0038212647415284723,0.001510070136923832,0.003680130055898149,False
99,A4,8,-0.0016075246414725382,0.01796611437621655,0.625,5,-0.0009470958655044229,0.0024042049889283538,0.001782496159201111,0.0029993252889840578,False
100,A4,10,0.014587932889121845,-0.0013449495216010605,0.8,8,0.005325604856360155,0.012288770963108233,0.006895635684434961,0.012812885104720397,False
101,A4,10,0.016883891384326537,-0.005217636366553248,0.6,6,-0.001735501633659477,0.006971624429507279,0.005489855882711283,0.0074293874170195,False
102,A4,9,-0.033978860986947586,0.011709154678541505,0.5555555555555556,5,0.0009185395566917369,0.006865472725633059,0.0057865367966473515,0.007647381046802407,False
103,A4,9,0.0037452702592953,0.006772953177606067,0.6666666666666666,6,0.0013311698313868087,0.006120123476986956,0.002591374014691411,0.004181606847169164,False
104,A4,10,0.0741278805531421,0.030087465851615213,0.6,6,3.7525236174401126e-05,0.00938826093589134,0.0025357123898921,0.006392691971888966,False
105,A4,9,0.31410716549264817,0.22188338812517577,0.7777777777777778,7,-0.005221138146336388,0.004342750948759701,0.005622977043680577,0.004847455548718195,False
106,A4,10,0.041906011719363076,-0.01075055081032406,0.5,5,-0.0004327708146892994,0.009022084336192462,0.0020170904359087085,0.004124702818927538,False
107,A4,10,-0.019190473383199638,0.005368456588208458,0.5,5,0.0012232668842728652,0.005643919907588901,0.002074716647975248,0.006418765824409934,False
108,A4,10,-0.028890212103789583,-0.011716005955977672,0.5,5,0.0026351829993226765,0.006762638109721281,0.002284279503596503,0.003848315597858206,False
109,A4,10,-0.005619594436087383,0.01961699782274808,0.7,7,-0.0014155801128336292,0.002918421288669009,0.002549085401825071,0.0033361488451470454,False
110,A4,10,0.0013916852920803258,0.00323704388353473,0.6,6,0.0007462582360294309,0.004934956152968846,0.0022076220347045706,0.005613596275424248,False
111,A4,10,-0.047056311097363995,-0.005047032441136211,0.6,6,0.003171320392951011,0.009601121721169859,0.0010499375350830715,0.002099875070166143,False
112,A4,10,-0.022816140295863672,-0.0008492908010245706,0.6,6,0.0008418802747269382,0.008041054861587514,0.002267321193155475,0.007240864856200993,False
113,A4,5,0.01927213650645259,-0.0069558984420191325,0.8,4,-0.0045657914043844925,0.004640491373462756,0.0031138396256521466,0.004809923600855257,False
114,A4,10,0.11847287447727688,0.03395549768133044,0.7,7,-0.0025525487984740607,0.00978092004150436,0.0065674192013240335,0.00931055174403641,False
115,A4,6,-0.01745120984346301,0.005218530429949357,0.6666666666666666,4,-0.004998013765146443,0.01988106606398206,0.01628393390180481,0.023724550789491206,False
116,A4,9,0.04039802031833304,-0.008784611249062583,0.6666666666666666,6,-0.00458442069001715,0.007772332319831983,0.006835142349433689,0.008538613291095516,False
117,A4,3,0.0786633966352452,0.012119401358811522,0.6666666666666666,2,0.004379794854080659,0.020383583189774943,0.011230521756391686,0.04197495476935369,False
118,A4,10,0.004836526579963807,-0.005830098256736706,0.5,5,0.001926921421470292,0.007502911772853382,0.0016307653967231554,0.0035270205954574217,False
119,A4,10,0.041752581635424876,0.014814453937188082,0.8,8,-0.0035366236649390093,0.0066508661052048805,0.0026498042484482745,0.004983300566815832,False
120,A4,7,0.011829213069959207,-0.007505500397459008,0.8571428571428571,6,-0.004136580689825128,0.008606117397837178,0.002277078542216583,0.004096846452304275,False
121,A4,10,0.6208591395213676,0.5090918399137009,1.0,10,-0.022479485733770364,0.007224846273180835,0.021262526791379126,0.007717274771571348,True
122,A4,10,0.7423506850305729,0.3949698331272245,1.0,10,-0.03520532355801506,0.014062139049539337,0.030320966899999732,0.010581651757256044,False
123,A4,10,0.008234481580085395,0.001383662516161094,0.8,8,-0.0038395932773468686,0.010039623638367402,0.004495230457250959,0.006347920348982725,False
124,A4,9,0.014487543334868798,0.0009252814336049527,0.6666666666666666,6,-0.012104717463479799,0.04381979538783372,0.008408627733368455,0.019276267407232033,False
125,A4,10,-0.031435270739448566,-0.020502730993990435,0.6,6,0.0021189632464383413,0.004450630596500106,0.0017870268648018826,0.004439479285078393,False
126,A4,10,0.04768764817385266,0.016785720618773856,0.7,7,-0.0011502537275480801,0.0015143726218675632,0.0010765998721367208,0.00177711654350298,False
127,A4,9,-0.027326065975094984,0.006613667704269691,0.6666666666666666,6,-0.002380143743666089,0.004066119271282003,0.0015425958561440963,0.0030518602565491088,False
128,A4,7,0.012335506953345506,-0.003220478507333379,1.0,7,-0.004998513433123451,0.0040933933547632325,0.0030723779841350034,0.003762208838943914,False
129,A5,8,-0.006195884326495425,0.003952961092441312,0.75,6,-0.004149329256491472,0.006975068373150534,0.002372889586778483,0.004898945255955432,False
130,A5,10,0.24947491812692343,0.18536245704229976,0.6,6,0.0027827066266079897,0.00503291039091278,0.005745396869955219,0.006217596013438576,False
132,A5,9,-0.021740786542352036,-0.0011403136014486272,0.5555555555555556,5,-0.00034829758265425,0.005947674068819454,0.0028782769772680607,0.005630456294374199,False
133,A5,10,0.08015790471097514,0.04398921511302573,0.6,6,-0.0003417135622471497,0.003093724813523309,0.0023664629749883996,0.003631573828683724,False
134,A5,10,0.2139123608919935,0.12927984304637433,0.6,6,-0.0004663194484401093,0.003011287155012923,0.0023460126450314785,0.00294251360004031,False
135,A5,10,0.06136113085730252,0.0011494677298557303,1.0,10,-0.003325580937171646,0.0018719246850963506,0.0030637466151385573,0.0018018855622458103,False
136,A5,10,0.10732365275708397,0.08550451858425284,0.6,6,0.00035545450123035686,0.0036819787462110012,0.00275794585936301,0.004279150557480288,False
137,A5,10,0.5056390946169049,0.39333582790630006,0.9,9,-0.004077795393503597,0.005368337041102423,0.003289916658064854,0.0035248489802716704,False
138,A5,10,0.3437973350214882,0.027616554170833463,0.8,8,-0.006897851145870264,0.024369642456952032,0.01077978624913952,0.020285590695985366,False
139,A5,8,0.7603254166693328,0.6816872379002519,1.0,8,-0.015852648918949608,0.005456636768766396,0.015205268960027968,0.006936168422643124,True
140,A5,7,0.571980721537507,0.3341524677753671,0.7142857142857143,5,0.007091009470668328,0.010502747705831393,0.006969628496794525,0.01309400999300043,False
141,A5,10,0.2748429219332978,0.20615359298183664,0.6,6,0.0012354779015157611,0.004457134256030448,0.00224038682679986,0.004773202644354982,False
142,A5,10,0.30048130082603924,0.17349855087240512,0.8,8,-0.006748808580020892,0.008927578299733788,0.009722571229392567,0.00897965490174139,False
143,A5,10,0.0374303442380743,0.006637160253555422,0.5,5,-0.001201291281208452,0.005268324024644204,0.002521497245959413,0.004789161075214848,False
144,A5,9,-0.06143760342959126,-0.019306196541852474,0.5555555555555556,5,-0.002743493103376739,0.007818278381209744,0.001656996143965351,0.008701321943968715,False
145,A5,10,0.04813950891009189,0.022004293046792137,0.7,7,-0.001326428047524308,0.002349297672072051,0.0016155260511421052,0.0018270093703551837,False
146,A5,10,0.6114915783342223,0.48480043014771435,1.0,10,-0.015705400096310163,0.006410734686038901,0.01540046993357084,0.007363348474246141,True
147,A5,10,0.4229374979297747,0.34930274002636413,0.7,7,0.0036884255230841727,0.005113041875664773,0.003958381928640131,0.006057093852533853,False
148,A5,6,0.18685979623518617,0.216209819071071,1.0,6,0.005947863530649663,0.003835829803080883,0.005367610945279439,0.0034189489613516374,False
149,A5,9,0.08732626545537289,0.021367742928524756,0.5555555555555556,5,-1.4777258143757104e-05,0.011235358917340375,0.007946479873924436,0.012474300298562821,False
150,A5,10,-0.03059180996569365,-0.009081229706883295,0.5,5,-0.00022664767076191862,0.003636429388108795,0.002387528655756774,0.0038036400920643124,False
151,A5,10,-0.0007162534631574712,0.000477682527040693,0.8,8,-0.001674226555768567,0.007489379022759343,0.0028827534403676703,0.004543725086354842,False
152,A5,10,-0.02397315813489477,-0.01649264957443962,0.7,7,0.00046326648558116576,0.0017862792706339304,0.0011568949672324975,0.0015024061878169265,False
153,A5,10,0.40784104397198145,0.39569693494815056,1.0,10,0.005925201006464207,0.0022147253296088804,0.006475549694348336,0.0023671696011697903,False
154,A5,7,0.02588879373134121,0.01682544863848107,0.7142857142857143,5,0.0014851082723181942,0.0023668705529162463,0.0013358714241338324,0.0023613287109414457,False
155,A5,9,0.008605619676428516,0.0068184612711935265,0.6666666666666666,6,0.003946958399013486,0.01291281981859541,0.0026745477971379565,0.007330941365222622,False
156,A5,7,0.30554852537172295,0.04164243651509077,0.7142857142857143,5,-0.012540537492957238,0.019050056283976036,0.012192363290897937,0.018318951102155662,False
157,A5,10,-0.03102995223326536,0.004620133991965967,0.5,5,-0.00029712993324011863,0.004085377455948065,0.002871759831132408,0.00490678180375506,False
158,A5,10,-0.03528953855725817,-0.030571372590324768,0.6,6,0.00041244493837360607,0.0026034078050244536,0.0019499692195024659,0.002674440681750416,False
159,A5,8,0.058214204273145366,0.0067495209142647145,0.625,5,0.0008075955008278148,0.0015604150341368553,0.0017095405015636839,0.0019482105653747274,False
160,A5,10,0.009512736690526189,-0.0208674181972877,0.6,6,-0.000803792135049865,0.003161667390461586,0.002369874778300861,0.0032746778606079245,False
