channel,array_name,array_index,n_matched_sessions,delta_si_median,delta_si_mean,delta_si_std,delta_si_median_abs,si_a_median,si_b_median,si_a_median_abs,si_b_median_abs,waveform_r_median,n_pos,n_neg,n_zero,n_sign_flip,sign_flip_rate,wilcoxon_p,wilcoxon_fdr_bh_q
1,A1,0,9,0.0429174299857108,-0.02030602337518454,0.7901431551853272,0.0429174299857108,-0.1713755120366659,-0.17749506902078713,0.38836923352170705,0.5089226939156272,0.01250573232635673,5,4,0,4,0.4444444444444444,1.0,1.0
2,A1,0,9,0.18680649505619468,0.458384474163465,0.6526225479950315,0.18680649505619468,-0.12665490321567643,0.6439641485350659,0.8232061011232501,0.762665606747238,0.2290061396039065,5,2,2,4,0.4444444444444444,0.109375,0.7291666666666666
3,A1,0,9,0.5467773533217106,0.5010461346204451,0.8407145066579178,0.5467773533217106,-0.5798141622436331,-0.03303680892192256,0.5798141622436331,0.3228319899430507,-0.15838294246401408,7,2,0,5,0.5555555555555556,0.1640625,0.7407407407407407
4,A1,0,9,-0.2661087420769143,-0.07373281250468519,0.7752216142616383,0.2661087420769143,-0.13453952716098333,-0.048350989774910404,0.6946117767156629,0.40064826923789765,0.03295683911547985,2,6,1,4,0.4444444444444444,0.7421875,0.9205426356589147
5,A1,0,9,0.7641767935321282,0.5919607535454021,0.8200502321843953,0.7641767935321282,-0.8240635357321094,0.08316121082547347,0.8240635357321094,0.340793585058891,0.0877158628915638,6,3,0,6,0.6666666666666666,0.12890625,0.7407407407407407
6,A1,0,9,-0.28219517545738915,-0.22879868231265427,0.5574280264611042,0.28219517545738915,-0.3420477111909444,-0.5548468603162369,0.5326641198066369,0.5548468603162369,0.2120327769191327,3,6,0,2,0.2222222222222222,0.30078125,0.746268656716418
7,A1,0,9,0.24521121069254034,0.3983121562120099,0.7692578374865499,0.24521121069254034,-0.9284289253851791,-0.3679469657696491,0.9284289253851791,1.0,-0.04230831766000193,5,2,2,3,0.3333333333333333,0.296875,0.746268656716418
8,A1,0,9,0.13306981674714535,0.27546411851123703,0.4318761802096502,0.13306981674714535,-0.7562793785464461,-0.5212828993680217,0.7562793785464461,0.6879064466509641,0.28919083038620075,5,2,2,2,0.2222222222222222,0.15625,0.7407407407407407
9,A1,0,9,0.30111705284918344,0.38515082904697806,0.41107235126312847,0.30111705284918344,-0.19191856769376164,0.5386470535495449,0.36597027079625005,0.7061800222272883,0.05178942881289132,7,1,1,2,0.2222222222222222,0.015625,0.546875
10,A1,0,9,0.0,-0.0978488396381533,0.2254523880682664,0.0,-0.5388948974861488,-0.9057269746917703,0.5388948974861488,0.9057269746917703,0.32424940838588856,2,4,3,2,0.2222222222222222,0.4375,0.8241758241758241
11,A1,0,9,0.0,-0.14039593269577766,0.5381545131173642,0.0,-0.4819758234158007,-0.35287416291559753,0.9224969082403397,0.35287416291559753,0.138646947060551,4,4,1,1,0.1111111111111111,0.546875,0.8449074074074074
12,A1,0,9,-0.8037648306747085,-0.6920911162172398,0.6543644315891378,0.8037648306747085,-0.19117703906687578,-0.24301243986627277,0.4078497516731841,0.24301243986627277,0.02599949534408038,2,7,0,4,0.4444444444444444,0.01953125,0.546875
13,A1,0,9,0.1476384940761503,0.25950988078977527,0.7069988590450801,0.1476384940761503,0.05608933009503222,0.1792515338819841,0.38889906589286805,0.4178556678040759,-0.023640967931102926,5,4,0,3,0.3333333333333333,0.30078125,0.746268656716418
14,A1,0,9,-0.5406182798755064,-0.12704045502217293,0.8285008931246111,0.5406182798755064,-0.011005107921973718,0.003526092895036912,0.4593817201244936,0.41937235948941265,0.07656040576981434,4,5,0,3,0.3333333333333333,1.0,1.0
15,A1,0,9,0.22471527503679628,0.15535926669904385,1.3979043136073537,0.22471527503679628,-0.27770230285590486,0.5203239235237214,1.0,1.0,-0.08059294118467623,5,4,0,5,0.5555555555555556,0.90625,1.0
16,A1,0,9,0.08642164120237655,0.18848431647577085,0.40379003590354173,0.08642164120237655,-0.06235189534923691,0.27169738597932913,0.1662632363396907,0.3762403925222312,0.004708088966865198,5,3,1,2,0.2222222222222222,0.25,0.7407407407407407
17,A1,0,9,-0.23194769137668098,-0.18149868443053244,0.6765443815576547,0.23194769137668098,-0.2814799084809392,-0.6315736850821582,0.3996259937054772,0.7922393328723378,0.08415345038215583,2,6,1,3,0.3333333333333333,0.3125,0.746268656716418
18,A1,0,8,0.19147843329728714,0.1153878632210798,1.0535119763767062,0.19147843329728714,0.050947028981708456,0.3266089992152583,0.27313004728826296,0.4201273107182152,-0.04318724833126469,6,2,0,5,0.625,0.484375,0.842391304347826
19,A1,0,8,0.23653238284327066,0.32900431399040825,0.5039103546987616,0.23653238284327066,-0.5544740613482869,-0.06615873038859663,0.5544740613482869,0.10379176845998095,0.40456513522287096,5,3,0,1,0.125,0.25,0.7407407407407407
20,A1,0,9,-0.11606614577439725,-0.20683502107130633,0.2608898340569247,0.11606614577439725,-0.29985080354410276,-0.3997114496396353,0.29985080354410276,0.3997114496396353,0.5616231376504881,1,8,0,0,0.0,0.0546875,0.546875
21,A1,0,9,-0.2664105522198343,-0.3779571174827351,0.7632437266069875,0.2664105522198343,-0.09471383365184947,-0.4007531200553728,0.25806646660345806,0.4007531200553728,0.03258833435775213,3,6,0,4,0.4444444444444444,0.25,0.7407407407407407
22,A1,0,8,0.008993533605560362,-0.0340415610062553,0.5822156608891983,0.008993533605560362,-0.021708888725048996,-0.04078823434998386,0.22676277001845843,0.05552176306376694,0.016539380729151187,4,4,0,4,0.5,0.9453125,1.0
23,A1,0,8,-0.1541661973322318,-0.1911243157374407,0.3165250131505304,0.1541661973322318,0.07753905735625388,-0.0012838888288342104,0.2803500739548265,0.05590137910134197,0.1836844080826237,3,5,0,4,0.5,0.25,0.7407407407407407
24,A1,0,9,-0.1603340408314201,0.21858155919827615,0.6159089465795841,0.1603340408314201,-0.11498483883405197,0.14649307653298663,0.31787959198613225,1.0,0.25081659756151287,4,5,0,3,0.3333333333333333,0.42578125,0.8241758241758241
25,A1,0,8,0.4834323612835273,0.40548080143648874,0.4184761591454988,0.4834323612835273,-0.628094682671526,-0.13359781502923931,0.8459348997562074,0.17667543552631965,0.03358725679689234,7,1,0,0,0.0,0.0546875,0.546875
26,A1,0,9,0.0,-0.21582196021707614,0.35316854272022574,0.0,1.0,1.0,1.0,1.0,0.5074843540794043,1,3,5,1,0.1111111111111111,0.25,0.7407407407407407
27,A1,0,9,0.17960816908705396,0.23025457952116093,0.6913503126697572,0.17960816908705396,-0.170163060449656,0.08090302038094949,0.6468044455831697,1.0,0.13699935066214353,5,1,3,5,0.5555555555555556,0.3125,0.746268656716418
28,A1,0,9,0.0,-0.054522398671161314,0.14457617638481995,0.0,-1.0,-1.0,1.0,1.0,0.5071288653290505,1,3,5,0,0.0,0.375,0.8166666666666667
29,A1,0,9,0.0,-0.008912796541179392,0.7398553167926855,0.0,0.5963171265980474,0.2598877793423452,1.0,0.2865758738612143,0.08742089248729228,3,4,2,4,0.4444444444444444,0.9375,1.0
30,A1,0,8,-0.3450930793010711,-0.2739120654134257,0.5514587880706755,0.3450930793010711,-0.06511086926204074,-0.18549477625191457,0.22414364324320857,0.28569068887982374,0.12931743880585495,3,5,0,6,0.75,0.25,0.7407407407407407
31,A1,0,9,0.5594782849002004,0.3158920200624152,0.642548431353367,0.5594782849002004,-0.08196696648773528,-0.005825032693513454,0.20196408442163336,0.6873521268591385,0.12299771758737224,6,3,0,3,0.3333333333333333,0.203125,0.7407407407407407
32,A1,0,9,-0.43057599846330524,-0.1507727331113608,0.7519799957045652,0.43057599846330524,-0.07292329126210897,0.19165838328341372,0.2725339175118821,0.5259643883793708,0.25770406705250554,2,6,1,2,0.2222222222222222,0.7421875,0.9205426356589147
33,A2,1,8,0.206496737408064,0.07158846134245823,0.48379381128507776,0.206496737408064,-0.4463869975313167,-0.5103136159317376,0.4463869975313167,0.5103136159317376,0.1278176375881235,4,3,1,2,0.25,0.6875,0.9166666666666666
34,A2,1,8,-0.07516547105605878,-0.11897004719597778,0.7384568026554513,0.07516547105605878,-0.2153193256591923,-0.14551561562824736,0.4528515759499615,0.14551561562824736,0.05848366345112263,4,4,0,3,0.375,0.9453125,1.0
35,A2,1,9,-0.0428853554802115,-0.10352895172843628,0.32302198468270205,0.0428853554802115,-0.07243913498752486,-0.07439472861080008,0.09754993123427594,0.19439979381744352,0.11662603112238434,4,5,0,2,0.2222222222222222,0.65234375,0.8997844827586207
36,A2,1,8,0.14275095430021778,0.24881663365409135,0.4468249166820266,0.14275095430021778,-0.05378918851744097,0.1105091125804187,0.087953061857943,0.1364957663279707,0.15991065561448758,6,2,0,4,0.5,0.1484375,0.7407407407407407
37,A2,1,9,0.23122468336491786,0.13938561530185922,0.49465541127740387,0.23122468336491786,-0.38811898153461394,-0.3847091303318772,0.3944926733296447,0.3847091303318772,0.07438394583801507,6,3,0,2,0.2222222222222222,0.5703125,0.8449074074074074
38,A2,1,8,-0.04115155268346164,0.0794690179890786,0.28475813068232403,0.04115155268346164,-0.11052473185274311,-0.08557500578899493,0.1301262626757023,0.08557500578899493,0.022993070122497343,3,5,0,1,0.125,0.9453125,1.0
39,A2,1,8,-0.1478426840926657,0.06532302370010207,0.5181091356259934,0.1478426840926657,-0.08749257367173899,-0.048451062037253044,0.12620287082725423,0.26662395431308045,0.29514744730453435,3,5,0,4,0.5,1.0,1.0
40,A2,1,8,0.5742636221137488,0.4226784070361266,0.6136482091038077,0.5742636221137488,-0.6532319363360998,0.11548247043213705,0.865796903697555,0.1919262028240686,-0.016874794073269816,6,2,0,3,0.375,0.1953125,0.7407407407407407
41,A2,1,9,-0.18609275664846905,-0.1533650180355955,0.6400953516928892,0.18609275664846905,0.12827566021183906,0.2714907052504434,0.21111139543070392,0.2995603762396705,0.012823304290838344,3,6,0,4,0.4444444444444444,0.49609375,0.8444148936170213
42,A2,1,8,0.023392989775087646,0.10888679877426843,0.5990034116857588,0.023392989775087646,-0.07109059415021388,0.015986461947449408,0.3877073477395695,0.25807429978712587,0.044937172996956154,4,3,1,6,0.75,0.6875,0.9166666666666666
43,A2,1,8,0.09304356339841845,-0.0712475878167314,0.7738766618431118,0.09304356339841845,-0.05331390624706822,0.04095720870430592,0.2111336631347659,0.15816718574729535,0.031448212085640456,5,3,0,5,0.625,0.84375,0.9642857142857143
44,A2,1,8,-0.10585776390121215,-0.32530587323661403,0.49593350851886214,0.10585776390121215,0.07863546796773566,-0.03631748050284442,0.2406938951439893,0.03631748050284442,0.06070157668579794,2,5,1,5,0.625,0.15625,0.7407407407407407
45,A2,1,8,0.2336749305071771,0.20236043790906993,0.3052901461609709,0.2336749305071771,-0.14567987175185118,0.022485824391008494,0.3325533674016523,0.27982774565425195,-0.03965668529936448,6,2,0,3,0.375,0.1484375,0.7407407407407407
46,A2,1,8,-0.04480408683234327,-0.07959387252973486,0.6198809287818843,0.04480408683234327,0.10826117215047779,-0.03241230295612783,0.7662017994679464,0.12238834655601163,0.08515294381907647,2,4,2,5,0.625,0.6875,0.9166666666666666
47,A2,1,8,0.28293164501879453,0.46702736199327255,0.7648439406400557,0.28293164501879453,-0.5264751483870406,-0.01219445425938923,0.7029046433407471,0.2267940846282202,0.06951780625472714,6,2,0,6,0.75,0.1484375,0.7407407407407407
48,A2,1,8,0.05646250702416803,0.12172636626330513,1.1029614325010344,0.05646250702416803,-0.14558923797658724,-0.14283595317143366,0.3112990895139222,0.8226785540944528,-0.06781788870806671,5,3,0,3,0.375,0.7734375,0.9519230769230769
49,A2,1,8,-0.2893909544003563,-0.42250519112649204,1.0962223370116042,0.2893909544003563,-0.10616381459736005,-0.739278212458211,0.7871713942016659,0.9733160746163421,-0.06843250844129842,3,5,0,5,0.625,0.4609375,0.8241758241758241
50,A2,1,8,0.014756598004815685,0.1774435519347201,0.7762109733937053,0.014756598004815685,-0.2982330362372574,-0.13307499896088953,0.34358432740767963,0.28464181657498855,0.015394921983020029,4,4,0,4,0.5,0.546875,0.8449074074074074
51,A2,1,8,0.8087707061957686,0.5333464650212182,0.5923557940437655,0.8087707061957686,-0.6176173775282516,-0.15278763655833089,0.6176173775282516,0.3191958154412644,0.0993421385185453,6,2,0,4,0.5,0.0546875,0.546875
52,A2,1,8,0.413478734434949,0.43027169681362853,0.6834491571893847,0.413478734434949,-0.35390199357615404,0.07442787197002348,0.35390199357615404,0.25503924459761085,0.1804541301032627,7,1,0,5,0.625,0.109375,0.7291666666666666
53,A2,1,9,0.1804741313148681,0.189969395778126,0.6522395584104969,0.1804741313148681,-0.15824633779677857,-0.18554332871860332,0.4586642453994264,0.21606859053521058,0.05079165644565085,6,3,0,1,0.1111111111111111,0.359375,0.8166666666666667
54,A2,1,8,0.8015466457101945,0.7161840130750043,0.6397908391871386,0.8015466457101945,-0.09368799451665373,1.0,0.24626058072585558,1.0,0.2747579230899889,7,1,0,2,0.25,0.078125,0.6578947368421053
55,A2,1,9,0.09976032705923923,-0.02401796277177406,0.6542859282430012,0.09976032705923923,0.01949109670372645,0.20178633847958216,0.07211399825378953,0.363427580533007,0.2710611127822151,5,4,0,6,0.6666666666666666,0.91015625,1.0
56,A2,1,8,0.14495154851664893,0.14564251489145402,0.3552589173141598,0.14495154851664893,-0.18373102246117723,0.06689121130394923,0.18373102246117723,0.22604592430607995,0.16534547622891313,5,3,0,3,0.375,0.3125,0.746268656716418
57,A2,1,9,-0.29911330251178636,-0.08510234324603257,0.8651095167640571,0.29911330251178636,0.11794084795815485,-0.18762624661171184,0.4974158910822364,0.318242769160918,-0.02181552676470448,4,5,0,4,0.4444444444444444,0.734375,0.9205426356589147
58,A2,1,8,-0.8881865483575281,-0.6760335821595307,0.6913779768952084,0.8881865483575281,0.4002663345306204,-0.42752637344465294,0.7911457348090689,0.42752637344465294,-0.1041981257736932,3,5,0,5,0.625,0.109375,0.7291666666666666
59,A2,1,9,0.2567408650555147,0.1908294246195762,0.5580246800219409,0.2567408650555147,-0.00981339461014883,-0.07842393664109759,0.19611831572997174,0.48788576841053233,0.00543390075859175,5,4,0,4,0.4444444444444444,0.359375,0.8166666666666667
60,A2,1,8,-0.07887676568590163,-0.09851127106908539,0.24398915218526304,0.07887676568590163,0.05346275116736148,-0.032745686075075886,0.10306663025512575,0.06271031210519662,0.058040166662900926,4,4,0,6,0.75,0.640625,0.8997844827586207
61,A2,1,8,0.08172854280915984,0.2515278547918972,0.6884573750218345,0.08172854280915984,-0.23556310604548547,-0.08183284414732714,0.4315066178661676,0.48399783194336776,0.040289070486769246,4,3,1,2,0.25,0.46875,0.8241758241758241
62,A2,1,9,0.16244198390492504,0.20968671364679256,0.37705485197276356,0.16244198390492504,-0.5326497579574175,-0.25944577235333083,0.5326497579574175,0.25944577235333083,0.13025708201208513,6,3,0,3,0.3333333333333333,0.25,0.7407407407407407
63,A2,1,8,0.18736894929337347,0.19794840714456974,0.4236920172993271,0.18736894929337347,-0.8175688385253597,-0.501035561110459,0.8175688385253597,0.501035561110459,0.08790432273735346,5,3,0,0,0.0,0.3125,0.746268656716418
64,A2,1,9,0.07945345026350327,0.41143586894558787,0.7149697244979433,0.07945345026350327,-0.36086017260678055,-0.05236755969101471,0.36086017260678055,0.21041584188908274,-0.10337263862835085,5,3,1,4,0.4444444444444444,0.1953125,0.7407407407407407
65,A3,2,9,-0.02100160591529862,0.04832680618357049,0.5701714659714776,0.02100160591529862,0.011102958312061843,-0.32576662057627215,0.20225817252079067,0.4896333104984497,0.26579655384273787,4,5,0,3,0.3333333333333333,0.91015625,1.0
66,A3,2,9,0.021812995939058888,0.1736576372474486,0.4552723714312056,0.021812995939058888,-0.5083638538786774,-0.17786683070527967,0.5083638538786774,0.17786683070527967,0.27543555799327707,6,2,1,1,0.1111111111111111,0.3125,0.746268656716418
67,A3,2,9,0.0,-0.13193544233118415,0.8768223583957866,0.0,-0.028416106208885242,-0.007147761241736604,0.3469329194036956,0.49121011290630145,0.06206825955707706,4,4,1,6,0.6666666666666666,0.9453125,1.0
68,A3,2,8,0.04707095458881964,-0.028214136605145615,0.7955569543051654,0.04707095458881964,-0.07868612560916742,-0.1166304430520865,0.2861676886702529,0.17281132271734714,-0.01559341440834702,4,4,0,5,0.625,1.0,1.0
69,A3,2,9,-0.0017937327095071814,0.0517042729056998,0.4453819407076987,0.0017937327095071814,-0.1580982914459163,-0.07927926377200292,0.16565590493916973,0.18011884977751164,0.15491529174438776,4,5,0,2,0.2222222222222222,0.91015625,1.0
70,A3,2,8,-0.174814039864726,0.11720276820521329,0.6188125476833632,0.174814039864726,-0.0199863387616742,-0.06887523743973326,0.16092084454451772,0.11840901792043974,-0.022619708134234803,3,5,0,3,0.375,0.84375,0.9642857142857143
71,A3,2,9,0.018148366767462884,-0.1449595028588713,0.5122395836331591,0.018148366767462884,0.0764805526389102,-0.07403973248061194,0.2717175347485752,0.13011944626921476,0.16216926564903078,5,4,0,4,0.4444444444444444,0.65234375,0.8997844827586207
72,A3,2,8,0.08874219792664625,0.3068702360909792,0.6494438224407078,0.08874219792664625,-0.04539785215880297,0.020023481097294762,0.47708144314979706,0.08243692719021413,0.047133549066312584,5,3,0,4,0.5,0.3828125,0.8166666666666667
73,A3,2,9,0.08300921316030058,-0.022945175721363915,0.6421283040528004,0.08300921316030058,0.08636205147586928,-0.08820291919737915,0.2642232644544204,0.1582552984245891,-0.11857123863374684,5,4,0,3,0.3333333333333333,1.0,1.0
74,A3,2,8,0.03475533432745927,-0.12351776304129453,0.4564197328941879,0.03475533432745927,0.014501534727888978,0.026054746997004802,0.12018450265032396,0.10559188387681484,0.10936665503126819,5,3,0,3,0.375,0.84375,0.9642857142857143
75,A3,2,8,0.11111570081885148,-0.02423013438468087,0.8651677456133235,0.11111570081885148,-0.28531850208500614,0.005500874588926405,0.4818146681895597,0.15333924302851304,0.041367821082973884,5,3,0,5,0.625,0.84375,0.9642857142857143
76,A3,2,8,0.07718091932566079,0.2240692325342732,0.8025484152329989,0.07718091932566079,-0.12018288234490067,0.053209479500017566,0.3120760550465848,0.2610275091930665,0.10347342821035568,6,2,0,4,0.5,0.3828125,0.8166666666666667
77,A3,2,9,0.17442256010744348,0.10486164588057599,0.47529148122861037,0.17442256010744348,0.2286721232109231,0.4109860219295353,0.2286721232109231,0.4109860219295353,0.0866150561169067,5,4,0,2,0.2222222222222222,0.65234375,0.8997844827586207
78,A3,2,8,0.19073036594256493,0.2969271476462181,0.40516840084484734,0.19073036594256493,0.08386928669313594,0.19415977319744526,0.235570234324923,0.21314820661608774,0.036881672450380196,7,1,0,3,0.375,0.078125,0.6578947368421053
79,A3,2,8,-0.20268728817405268,-0.13361737839194593,0.6021259618687115,0.20268728817405268,0.21328176231806403,0.06085846462634337,0.2720745148249109,0.19672650663521202,0.06669180893353253,3,5,0,5,0.625,0.640625,0.8997844827586207
80,A3,2,8,0.1363748995134184,0.35638309418809966,0.7086687628811537,0.1363748995134184,0.15524695802905902,0.34379705844404346,0.2839403575826685,0.34379705844404346,0.14174565163267266,5,3,0,1,0.125,0.3125,0.746268656716418
81,A3,2,8,0.22034308711295722,0.1327920253038492,0.39996260863730965,0.22034308711295722,0.01455331939375168,0.01570309462905809,0.1989418272318451,0.15447682741469104,0.04965099992964085,5,3,0,4,0.5,0.4609375,0.8241758241758241
82,A3,2,8,0.16023157621058906,0.207771105071834,0.7154827589054059,0.16023157621058906,-0.1837689818833856,-0.11679184793202396,0.6456670854368293,0.3876534818857334,-0.027007774413646657,4,4,0,4,0.5,0.546875,0.8449074074074074
83,A3,2,8,0.04161311956661028,0.09590677482424503,0.3790819272362871,0.04161311956661028,-0.15727429609490134,-0.20039802445357174,0.32069384042061494,0.20039802445357174,0.09745887779703251,4,3,1,2,0.25,0.6875,0.9166666666666666
84,A3,2,8,0.22658978057679657,0.4163902823892628,0.6863911423657826,0.22658978057679657,-0.2629200378437167,0.09574957582630583,0.2629200378437167,0.13810997299349442,-0.06395182972402637,6,2,0,6,0.75,0.1484375,0.7407407407407407
85,A3,2,8,-0.005399204542248688,0.09775716025656137,0.3407636581431056,0.005399204542248688,-0.07082904434917131,-0.056890762176132384,0.144593430800115,0.056890762176132384,-0.02374303598512554,4,4,0,3,0.375,0.9453125,1.0
86,A3,2,8,-0.012091010536488367,-0.14707954672404708,0.6375196564782164,0.012091010536488367,-0.040897323778212175,-0.07967336205703368,0.10845889631269079,0.12021708100026282,-0.021226014884950187,4,4,0,2,0.25,0.546875,0.8449074074074074
87,A3,2,8,-0.26522091658024116,-0.19608488710934302,0.580667404514333,0.26522091658024116,0.1046656221020161,-0.04583900637746806,0.23476070676002608,0.5461458761704752,0.16662292556779945,3,5,0,3,0.375,0.3125,0.746268656716418
88,A3,2,8,-0.004082581920263222,0.12152957153463617,0.48033857394164453,0.004082581920263222,-0.032001588853168055,-0.026147366696599575,0.4379152030616176,0.06596138094857647,-0.016450265326910306,3,4,1,2,0.25,0.8125,0.9642857142857143
89,A3,2,9,0.20635458634685816,0.09269043038535282,0.6940267989443757,0.20635458634685816,0.02834664664619765,0.18573954744522433,0.34593535006427073,0.43039412894174833,0.027053083423955404,5,4,0,6,0.6666666666666666,0.65234375,0.8997844827586207
90,A3,2,8,0.2827840320461764,0.3969048352806529,0.3276881442515525,0.2827840320461764,-0.41323117259090336,-0.02120516396198748,0.7277247920559002,0.19010692230101944,-0.10900752659472812,7,0,1,1,0.125,0.015625,0.546875
91,A3,2,8,0.10235777547741053,0.24621814090196903,0.5139113498415527,0.10235777547741053,-0.12084557403991344,0.03935245347824297,0.1568870928198503,0.0948750335534955,0.10614214749672961,6,2,0,3,0.375,0.1953125,0.7407407407407407
92,A3,2,8,-0.28983461746619654,-0.5228099624977092,0.6308984006026258,0.28983461746619654,0.05562487574677447,-0.20201754865069785,0.15028747952831695,0.21103589016635302,0.03581731572097264,1,7,0,3,0.375,0.0546875,0.546875
93,A3,2,9,0.0,0.11502290471646923,0.6165978828355301,0.0,0.22531125668685215,-0.10402886991932202,0.3325064389443424,0.2698660335441823,0.0816156370672598,4,4,1,4,0.4444444444444444,0.7421875,0.9205426356589147
94,A3,2,8,0.4310247761175261,0.3606737704878948,0.3958439427376391,0.4310247761175261,0.04989099477641048,0.046075460659179654,0.30067839057185464,0.08535343774128354,-0.13545738531754628,5,3,0,1,0.125,0.109375,0.7291666666666666
95,A3,2,9,0.3522734784032451,0.21628409494066012,0.5801808539377245,0.3522734784032451,0.05862102003121982,-0.018630942261638802,0.32910771837871694,0.37715149913427315,0.04685801468693068,6,3,0,3,0.3333333333333333,0.42578125,0.8241758241758241
96,A3,2,8,0.10461543818626622,0.1438407370031599,0.5498465517195036,0.10461543818626622,-0.048425393837707775,0.06402861327705088,0.2310656314213457,0.09699425474647108,0.09728846146937595,6,2,0,5,0.625,0.3828125,0.8166666666666667
97,A4,3,9,0.10886068033605184,0.0414396794010803,0.40608535844983645,0.10886068033605184,0.415957340364801,0.39735151120132955,0.4568793218288605,0.522793916369287,0.23466718288105948,5,4,0,0,0.0,0.734375,0.9205426356589147
98,A4,3,9,-0.2137210057894397,0.01570925736150761,0.6925224656369449,0.2137210057894397,0.10949251390061,0.19877543412621837,0.2254490846729431,0.5066562874019896,0.10117976854960542,4,5,0,4,0.4444444444444444,1.0,1.0
99,A4,3,9,0.32749925471653296,0.2727464267862072,0.35658530609479194,0.32749925471653296,0.25732312496267634,0.6339295450804789,0.34220130208650473,0.6339295450804789,0.4431957605354898,8,1,0,1,0.1111111111111111,0.07421875,0.6578947368421053
100,A4,3,9,0.10405741063475848,0.08966559616519434,0.1838450212457782,0.10405741063475848,0.658270073910138,1.0,0.658270073910138,1.0,0.19063137895958526,6,2,1,0,0.0,0.25,0.7407407407407407
101,A4,3,9,0.13066543443500944,0.13866449335878436,0.47388413533435353,0.13066543443500944,0.6537043693608597,1.0,0.7496503772211454,1.0,0.39638171454625615,7,2,0,0,0.0,0.1640625,0.7407407407407407
102,A4,3,9,0.28846255853548736,0.13312979587347182,0.32503331415191905,0.28846255853548736,0.4499072229554086,0.3654482298034189,0.45921027312627644,0.4465020323367081,0.004745670067398393,6,3,0,2,0.2222222222222222,0.25,0.7407407407407407
103,A4,3,9,-0.08839235724455796,-0.2528906499166354,0.3030991391887358,0.08839235724455796,0.056836303830668705,-0.05947338232335837,0.056836303830668705,0.34949754169309083,0.02176526557030486,2,7,0,6,0.6666666666666666,0.0546875,0.546875
104,A4,3,9,-0.14720392884236294,0.06742782825851901,0.7221158288544681,0.14720392884236294,0.8194226960563844,0.6877905500943885,0.9168790566899899,0.6877905500943885,0.06209883965779457,3,5,1,2,0.2222222222222222,0.4609375,0.8241758241758241
105,A4,3,8,-0.411965561805463,-0.48031375815718036,0.5272487687847512,0.411965561805463,0.2698158932371575,-0.163203548910205,0.3330786950445318,0.163203548910205,0.14547719426668887,2,6,0,5,0.625,0.0390625,0.546875
106,A4,3,8,-0.12646335522060453,-0.08729081330624401,0.36298245994806577,0.12646335522060453,-0.05014373631017546,-0.08376062530127437,0.3050843331333642,0.17648691371922387,-0.001507211922681946,3,5,0,3,0.375,0.546875,0.8449074074074074
107,A4,3,9,-0.16835007896354964,-0.2676293882543178,0.6285113818229155,0.16835007896354964,0.1018038082889387,-0.03482718671173316,0.17132108243175406,0.16195007967469172,0.10846089654014505,4,5,0,5,0.5555555555555556,0.42578125,0.8241758241758241
108,A4,3,8,-0.48404510905507603,-0.45007753266312134,0.7148302427471769,0.48404510905507603,0.6693704475044551,0.05343370750370588,0.6693704475044551,0.09874962167933025,-0.008273718425525736,3,5,0,3,0.375,0.1953125,0.7407407407407407
109,A4,3,8,0.11387160711325818,0.1373093249625184,0.6540592144538241,0.11387160711325818,0.11836641929115824,0.03179290015192287,0.5516931724703928,0.10969679188018824,-0.008831338535575408,4,4,0,5,0.625,0.7421875,0.9205426356589147
110,A4,3,8,-0.30724524509320383,0.04900962954538257,0.7331732407605908,0.30724524509320383,0.0027485213705500692,-0.08345765290959588,0.20604165115755285,0.3596191729389495,0.09645559452138747,3,5,0,4,0.5,0.7421875,0.9205426356589147
111,A4,3,8,-0.10302336291187135,-0.11956594113457307,0.19683347214967112,0.10302336291187135,0.06079699876353534,-0.06725125108544988,0.12080788929944763,0.12450500699235545,0.10443010345450343,3,5,0,4,0.5,0.1953125,0.7407407407407407
112,A4,3,8,-0.12334654299105041,-0.2255118132441386,0.2814357668962127,0.12334654299105041,0.1085516909840722,0.00869771568596031,0.1085516909840722,0.09921232535124838,0.21205313011710059,2,6,0,2,0.25,0.0546875,0.546875
113,A4,3,9,0.0017958877403151732,0.027110989270169025,0.1835454931251912,0.0017958877403151732,0.3559389347035565,0.35850227539128227,0.3559389347035565,0.35850227539128227,0.46182575937835224,5,4,0,1,0.1111111111111111,0.8203125,0.9642857142857143
114,A4,3,9,-0.026071037701855843,-0.08662354918559549,0.42527949785705416,0.026071037701855843,0.0006545998187526257,-0.07884622882277319,0.16591930186106152,0.45103758542713485,0.16958945394972427,4,5,0,2,0.2222222222222222,0.734375,0.9205426356589147
115,A4,3,9,0.0,-0.12010046889060225,0.22584889255768198,0.0,1.0,1.0,1.0,1.0,0.5776096168220571,0,4,5,4,0.4444444444444444,0.125,0.7407407407407407
116,A4,3,9,0.25993742230363437,0.24555563971504915,0.2802485038828272,0.25993742230363437,0.2929605292164054,0.304458019133707,0.35265738543276687,0.304458019133707,0.10238688004703018,7,2,0,0,0.0,0.0390625,0.546875
117,A4,3,9,-0.11927901315171396,-0.2317996774932053,0.20836062067635747,0.11927901315171396,0.14176349974981042,-0.1262301337614087,0.14176349974981042,0.23053781606852258,0.0876836697736214,1,8,0,3,0.3333333333333333,0.0078125,0.546875
118,A4,3,9,-0.04670270808728971,-0.05164092562670726,0.21628821066372036,0.04670270808728971,0.21669340155091962,0.007221896754859881,0.21669340155091962,0.1699906934636299,-0.05363451004472295,3,6,0,2,0.2222222222222222,0.5703125,0.8449074074074074
119,A4,3,9,0.18696593160481098,0.15341625151361177,0.40466815169092485,0.18696593160481098,0.48322119857926893,0.29961115177829656,0.48322119857926893,0.29961115177829656,0.2901411254344142,7,2,0,4,0.4444444444444444,0.25,0.7407407407407407
120,A4,3,9,-0.3963518678721203,-0.270195026142715,0.7743546025506366,0.3963518678721203,0.1855850213131875,-0.2578458309603361,0.24298166101776275,0.3208515898085855,-0.08343012243617995,2,7,0,7,0.7777777777777778,0.1640625,0.7407407407407407
121,A4,3,9,0.021810627631395907,-0.20368928894318133,0.40577016989417264,0.021810627631395907,-0.030753569612738237,0.089005427959252,0.061577180214325546,0.463101899807176,0.07372756920104409,5,4,0,4,0.4444444444444444,0.42578125,0.8241758241758241
122,A4,3,9,0.10182980781029377,0.035920777851514325,0.4966438741368558,0.10182980781029377,0.0034455299543241316,0.07722683617343001,0.21255053963225917,0.2989882206416276,0.44702159047376144,7,2,0,5,0.5555555555555556,0.42578125,0.8241758241758241
123,A4,3,9,0.0,-0.08848374451361038,0.30065138645686,0.0,0.14607728026516345,0.12112014602655495,0.1906883740597204,0.18155043487470485,-0.08553636039766824,4,4,1,3,0.3333333333333333,0.4609375,0.8241758241758241
124,A4,3,9,-0.15688632210084266,0.0236102226115126,0.33356800390827296,0.15688632210084266,0.050018154648037924,-0.004427208658348367,0.1297231910807575,0.10686816745280474,0.06427485937738432,4,5,0,5,0.5555555555555556,0.734375,0.9205426356589147
125,A4,3,9,-0.12891897404041766,-0.06100327600278493,0.2381419173367926,0.12891897404041766,-0.006003629189457975,-0.14781120980906393,0.10190200023065463,0.16300954813594942,0.01581712528445144,2,6,1,4,0.4444444444444444,0.25,0.7407407407407407
126,A4,3,9,-0.029958938542204334,-0.13516297896079107,0.2665720902885516,0.029958938542204334,-0.04663137854943183,-0.05137046828118142,0.06932021980560216,0.07328951402086567,0.4230748933510791,4,5,0,3,0.3333333333333333,0.359375,0.8166666666666667
127,A4,3,9,-0.06536424945246039,-0.05874483362808241,0.3344643831105399,0.06536424945246039,0.27033601760755127,0.20216166639879546,0.36057656704992846,0.3541615387019347,0.35925809292702887,2,7,0,0,0.0,0.30078125,0.746268656716418
128,A4,3,9,-0.38406572917303383,-0.4333456256324077,0.25802475410885656,0.38406572917303383,0.512424391627726,0.12835866245469219,0.512424391627726,0.23647379104957233,0.06879784884105342,1,8,0,1,0.1111111111111111,0.0078125,0.546875
129,A5,4,9,-0.2240019747448539,-0.2865642507054177,0.7384242109640546,0.2240019747448539,0.6118210173338509,-0.3593244656052349,0.7271837515848846,1.0,0.2659492960603148,2,5,2,3,0.3333333333333333,0.296875,0.746268656716418
130,A5,4,9,-0.35025880010030613,-0.11756845506576163,0.8339436599052983,0.35025880010030613,-0.04335820326161342,0.016595385055213536,0.2965917943454688,0.328651087631931,0.18512327920669536,3,6,0,3,0.3333333333333333,0.42578125,0.8241758241758241
131,A5,4,9,0.2864763093897749,0.06304605471904237,0.6937192929335945,0.2864763093897749,0.33400161794280137,-0.05842708504332811,0.6836197282429555,0.6226759387147998,0.1441884612742084,6,3,0,2,0.2222222222222222,0.65234375,0.8997844827586207
132,A5,4,9,0.0,-0.09632628806784048,0.6457183786886592,0.0,0.8990545742344813,0.4337033936954748,1.0,0.4363132079256495,0.060349071591560194,3,4,2,2,0.2222222222222222,0.8125,0.9642857142857143
133,A5,4,9,0.0,-0.06351980894836948,0.3755404907490517,0.0,0.4292928281711036,0.592938013367416,0.433072690705257,0.8059488821368317,0.022431730567839935,4,4,1,1,0.1111111111111111,0.546875,0.8449074074074074
134,A5,4,9,0.0,-0.21973194530828769,0.7225897135531517,0.0,1.0,0.08191335163691604,1.0,0.2883272958621903,0.12285635178463392,3,4,2,1,0.1111111111111111,0.46875,0.8241758241758241
135,A5,4,9,-0.2689719061769135,-0.30678149753790834,0.3054590066367767,0.2689719061769135,0.1781552039844917,-0.273158542983707,0.3850785858129416,0.5249286112876564,0.18285507467933987,1,8,0,1,0.1111111111111111,0.0390625,0.546875
136,A5,4,9,-0.015930049815195857,-0.10443255079131772,0.5279078671133789,0.015930049815195857,0.9307872741135486,0.8235463961951568,0.9307872741135486,0.8235463961951568,0.2788073637410567,2,5,2,4,0.4444444444444444,0.46875,0.8241758241758241
137,A5,4,9,-0.12906391151088265,-0.3007711270025527,0.3812370463941272,0.12906391151088265,-0.05074075392226983,-0.12667693155172896,0.11885207636252675,0.12667693155172896,0.11620280478975846,2,7,0,2,0.2222222222222222,0.0546875,0.546875
138,A5,4,8,0.37883631053619593,0.19753467190758062,0.6960602173328431,0.37883631053619593,-0.282820534006224,-0.016830236390631637,0.6558386074303166,0.27700229689412076,0.03414818758736768,5,3,0,3,0.375,0.3828125,0.8166666666666667
139,A5,4,8,0.07337206680649055,0.1590243578479807,0.42120474794556795,0.07337206680649055,0.06082596657363876,0.011853963434886258,0.1704183571676335,0.1023631595489558,-0.12950191296268887,4,4,0,2,0.25,0.4609375,0.8241758241758241
140,A5,4,8,0.38373807285791606,0.37434455818629947,0.6974978344274201,0.38373807285791606,-0.08315680027947578,0.06343420297838989,0.4172996541718138,0.06343420297838989,0.004476788180549798,6,2,0,4,0.5,0.1953125,0.7407407407407407
141,A5,4,8,-0.12010316644424661,-0.07205613984440443,0.346620658339611,0.12010316644424661,0.1276709365934866,-0.09149466533504073,0.35647488213656175,0.13311503107660394,0.1814234820601051,2,6,0,3,0.375,0.546875,0.8449074074074074
142,A5,4,8,-0.013555813023189582,0.0578018394576073,0.5686891399919137,0.013555813023189582,-0.001712244644142373,-0.037814738579064616,0.3647131155076306,0.06184555286004178,0.024617432931595025,4,4,0,5,0.625,0.84375,0.9642857142857143
143,A5,4,9,-0.19726160861897846,-0.09789417928347859,0.9080830670757999,0.19726160861897846,-0.10216194911997124,-0.13821543943997885,0.20932692881092918,0.46881528236850084,0.07052894903391081,4,5,0,6,0.6666666666666666,0.8203125,0.9642857142857143
144,A5,4,8,0.06012706328740619,0.24400157841107895,0.8024030576786132,0.06012706328740619,-0.20991907671241677,0.03429776828885516,0.5165907074338565,0.15837737746642377,0.051786193791252405,4,4,0,4,0.5,0.546875,0.8449074074074074
145,A5,4,9,-0.35505493301085567,-0.2928280866387236,0.3928085550922537,0.35505493301085567,0.2428572019528533,0.008315323848861255,0.4923469740258688,0.19571339837600465,0.30459309858001377,2,7,0,2,0.2222222222222222,0.0546875,0.546875
146,A5,4,9,0.06109157169145845,-0.03134351785340667,0.6250431193367555,0.06109157169145845,-0.10061898776751779,-0.25030602164353727,0.23981624564967732,0.29144767696032897,0.214869342732168,5,4,0,4,0.4444444444444444,1.0,1.0
147,A5,4,9,-0.008802376380275517,0.0324919569193646,0.4981305141094036,0.008802376380275517,-0.18699115729001595,0.007669592270540297,0.32457261877825444,0.15679988993040192,0.05408248055716435,4,5,0,3,0.3333333333333333,1.0,1.0
148,A5,4,8,-0.3574787490470117,-0.2137951131971102,0.8167461205196754,0.3574787490470117,-0.06854587714104117,-0.10505588378511369,0.17460962501748972,0.27753484714693816,-0.12820601984071117,3,5,0,6,0.75,0.546875,0.8449074074074074
149,A5,4,9,-0.043312268072846494,0.07544001329766882,0.7363185487358459,0.043312268072846494,0.23059333263703488,0.17860211537246265,0.8262725534323738,0.3144808001399352,-0.0227150278577876,4,5,0,3,0.3333333333333333,0.8203125,0.9642857142857143
150,A5,4,9,0.1202538385242365,0.11506522590853013,0.7557477579851641,0.1202538385242365,0.014686326817256531,0.048273781221951764,0.34497134088238074,0.13494016534149303,0.14492028184369157,6,3,0,4,0.4444444444444444,0.65234375,0.8997844827586207
151,A5,4,9,0.2900316019754389,0.03687502643686309,0.661907193886238,0.2900316019754389,0.24362311826282712,0.016582874797691438,0.4312073183080927,0.4497070983963373,0.07730151997618157,6,3,0,5,0.5555555555555556,1.0,1.0
152,A5,4,9,-0.2523020989837989,-0.4587117487153838,0.6933227332877631,0.2523020989837989,0.19146612915994884,-0.17171736502110463,0.2030463942669867,0.2313408849679318,0.007188701876273316,3,6,0,6,0.6666666666666666,0.09765625,0.7291666666666666
153,A5,4,9,0.08167431731461972,0.2270542515664271,0.7209936090616686,0.08167431731461972,-0.17407837532070772,-0.11401844154870881,0.2815668223533921,0.46267483656977343,0.09881620398924303,5,4,0,5,0.5555555555555556,0.5703125,0.8449074074074074
154,A5,4,9,-0.30515668291533593,-0.2751253293770241,0.7218319139660097,0.30515668291533593,-0.027996108599410444,-0.21012248671973388,0.17178933308617858,0.2367503763929486,0.26231846970479916,3,6,0,6,0.6666666666666666,0.30078125,0.746268656716418
155,A5,4,8,0.2832403823375534,0.19660911391115257,0.6647081795091743,0.2832403823375534,-0.03142887997021742,0.08462145124777869,0.47423600997027604,0.2302983915945616,0.17370184951212497,6,2,0,4,0.5,0.4609375,0.8241758241758241
156,A5,4,8,0.2505496453548923,0.07618028804123649,0.4795249008934079,0.2505496453548923,-0.11051053668091254,0.05185307326792142,0.17897043556973702,0.10076358555628394,-0.04403387440985921,7,1,0,5,0.625,0.1953125,0.7407407407407407
157,A5,4,8,0.011607403734388552,-0.057674534916861,0.5235362971978811,0.011607403734388552,0.04287426739199107,0.06872519252320697,0.09824490888422836,0.1111410459572924,0.11256736513248113,4,4,0,5,0.625,0.9453125,1.0
158,A5,4,9,-0.15975657549832542,-0.13364367911899416,0.6311613181897945,0.15975657549832542,-0.10846111755599049,-0.1912349321426337,0.16767502816826985,0.1912349321426337,0.1884166085523133,3,6,0,3,0.3333333333333333,0.49609375,0.8444148936170213
159,A5,4,9,-0.1574760649327082,-0.10727569059703637,0.5572927266764247,0.1574760649327082,0.07440978484563758,-0.04278079737966357,0.22224792289243975,0.08872091297393017,0.06520717431565373,3,6,0,4,0.4444444444444444,0.5703125,0.8449074074074074
160,A5,4,9,-0.44258237537242495,-0.1620023257176519,0.7195082265802991,0.44258237537242495,-0.08435874475992465,-0.09151608354342394,0.3787084348593886,0.09151608354342394,0.14120917352146026,4,5,0,6,0.6666666666666666,0.5703125,0.8449074074074074
