channel,array_name,array_index,n_matched_sessions,delta_si_median,delta_si_mean,delta_si_std,delta_si_median_abs,si_a_median,si_b_median,si_a_median_abs,si_b_median_abs,waveform_r_median,n_pos,n_neg,n_zero,n_sign_flip,sign_flip_rate,wilcoxon_p,wilcoxon_fdr_bh_q
1,A1,0,9,-0.004484041406191963,-0.069989808720735,0.6235860934362638,0.004484041406191963,0.14435835233902078,-0.06456689792128367,0.36256703215947744,0.18431709747872332,0.09368186733101594,4,5,0,4,0.4444444444444444,0.734375,0.9350393700787402
2,A1,0,9,-0.013594815217691153,-0.19502216543745973,0.42068725317786226,0.013594815217691153,0.051683336436783925,-0.06154190821931316,0.18933768205008863,0.3149226018706042,0.03360316153996396,4,5,0,1,0.1111111111111111,0.49609375,0.8809523809523809
3,A1,0,9,0.06372566542635655,0.06077160092749079,1.0169844662909369,0.06372566542635655,-0.2554014698279242,0.09495634293515409,0.49295291300510585,0.4292272475787493,-0.04625609949270128,5,4,0,6,0.6666666666666666,0.91015625,0.9821428571428571
4,A1,0,9,-0.04449371789600931,-0.15203368111238869,0.5661260377761214,0.04449371789600931,-0.05081654122887631,-0.012710034741109323,0.7105835958056402,0.23688890884848082,0.03839297368711295,3,6,0,3,0.3333333333333333,0.42578125,0.8809523809523809
5,A1,0,9,-0.5187316255729566,-0.39797171597984016,0.6319449150857702,0.5187316255729566,0.0921663933388571,0.03624586441218679,0.4350396053120779,0.4012993518575099,0.08068459165395661,2,7,0,2,0.2222222222222222,0.12890625,0.625
6,A1,0,9,-0.3061496781932895,-0.2764940832469087,0.5025339480086499,0.3061496781932895,0.07672757810074059,-0.22719793785976186,0.13517794782358628,0.22719793785976186,-0.010119828446657538,1,8,0,5,0.5555555555555556,0.09765625,0.5787037037037037
7,A1,0,9,-0.008535836820426232,-0.09923270851631201,0.6453561728088292,0.008535836820426232,-0.09847235955969003,-0.10700819638011626,0.15891965502016048,0.5261471072347103,-0.04441476846674829,4,5,0,5,0.5555555555555556,0.734375,0.9350393700787402
8,A1,0,9,-0.10443586944445876,-0.21739297310707917,0.3729053287864084,0.10443586944445876,-0.16100351873150828,-0.059890371482256545,0.18601600996731427,0.29045187941177303,0.17673072574356882,3,6,0,2,0.2222222222222222,0.203125,0.6914893617021277
9,A1,0,9,-0.1823795866099701,-0.2902499573748654,0.7915697255651297,0.1823795866099701,0.15533963507486087,0.04702160921840418,0.5512973543789235,0.3125760879260769,0.0359623763312537,2,6,1,4,0.4444444444444444,0.25,0.7017543859649122
10,A1,0,9,-0.2828112893344067,-0.5681235873196128,0.6064579578991679,0.2828112893344067,-0.1899133868398901,-1.0,0.3208266299761115,1.0,0.05024718039741595,0,7,2,3,0.3333333333333333,0.015625,0.4166666666666667
11,A1,0,9,-0.07844556471667447,-0.41482320507216086,0.5807518285767852,0.07844556471667447,-0.01971516922411639,-0.7060321967977883,0.09437054823258138,0.7060321967977883,-0.029182743501683282,2,5,2,6,0.6666666666666666,0.15625,0.6410256410256411
12,A1,0,9,-0.1390821108413261,-0.23588372321090695,0.45654182644986824,0.1390821108413261,-0.1398340128120465,-0.12970180525576155,0.29950370263944376,0.12970180525576155,0.21650084642885928,4,5,0,2,0.2222222222222222,0.25,0.7017543859649122
13,A1,0,9,0.03430704231824294,-0.3539378352794072,0.5876346385849313,0.03430704231824294,0.034177747317621986,0.04688804790765847,0.11887478705471777,0.6452428367538627,0.054191577787884936,5,4,0,5,0.5555555555555556,0.42578125,0.8809523809523809
14,A1,0,9,0.08255857729238786,0.10788766187955995,0.5524713824619941,0.08255857729238786,-0.2144034169133314,-0.08103351002633816,0.2171556819695038,0.27226259241455614,-0.08112160064985276,6,3,0,2,0.2222222222222222,0.49609375,0.8809523809523809
15,A1,0,9,-0.6573520625499814,-0.5967835840208057,0.8520059231379549,0.6573520625499814,0.24910402037559276,-0.40824804217438854,0.3323183796696748,0.614585924244909,0.07765640989676119,3,6,0,5,0.5555555555555556,0.12890625,0.625
16,A1,0,9,0.2385893049725007,0.4402314128832296,0.4061991556738035,0.2385893049725007,-0.16967061405600786,0.07986141073437045,0.3584238599936296,0.13936853848514713,0.14967831754114472,9,0,0,3,0.3333333333333333,0.00390625,0.3125
17,A1,0,9,0.0,-0.05631158277152151,0.755936837820579,0.0,-0.28648544252318886,-1.0,0.3122311690154462,1.0,0.2018094796003688,2,4,3,4,0.4444444444444444,0.84375,0.9782608695652174
18,A1,0,8,-0.21790844431151357,-0.519838110067519,0.62948921573732,0.21790844431151357,0.14957989103388614,-0.262606836050206,0.19427828277257858,0.3850906339440139,0.016871896595220242,2,6,0,4,0.5,0.078125,0.5787037037037037
19,A1,0,8,0.1738265925861871,0.17557692844308126,0.549983389995124,0.1738265925861871,-0.2521742835134979,-0.07834769092731082,0.5000044565018783,0.2143733816409061,0.19339955448547494,5,3,0,2,0.25,0.3828125,0.875
20,A1,0,9,-0.033589882532339355,-0.049845045367113316,0.19704655748434055,0.033589882532339355,-0.4106193874358946,-0.3264985891464499,0.4106193874358946,0.3264985891464499,0.7062750695296267,4,5,0,0,0.0,0.734375,0.9350393700787402
21,A1,0,9,0.0,-0.03660148178730332,0.5083244648264688,0.0,-0.30682767828630314,-0.5810813974140487,0.30682767828630314,0.6971573942317669,0.008541358767269348,4,4,1,2,0.2222222222222222,0.84375,0.9782608695652174
22,A1,0,8,0.051431002169895705,0.1504652125436791,0.26880361162389066,0.051431002169895705,-0.07826080649112539,-0.044877452118081626,0.0951727859038925,0.07227093663225065,0.023401922831441185,5,3,0,2,0.25,0.25,0.7017543859649122
23,A1,0,8,-0.09758683388529502,-0.11765577216235726,0.430296563203975,0.09758683388529502,-0.13324427796617755,-0.20683637779422384,0.2829855899983578,0.5033034705353912,0.24755678199960818,4,4,0,2,0.25,0.640625,0.8997844827586207
24,A1,0,9,-0.07682138184338794,-0.13594398302963365,0.15187483567700696,0.07682138184338794,0.5839177584461368,0.35752136540558743,1.0,0.7958078525098994,0.44780098152506187,0,5,4,0,0.0,0.0625,0.5555555555555556
25,A1,0,8,-0.1988558561998157,-0.1401084281478532,0.6852606799008304,0.1988558561998157,0.007123969157019655,-0.32324534328580673,0.26932766831953864,0.3747489733347985,0.07966998524918684,3,5,0,5,0.625,0.546875,0.8809523809523809
26,A1,0,9,0.0,0.02448024685945648,0.09208499399361769,0.0,1.0,1.0,1.0,1.0,0.6543705519891746,3,1,5,2,0.2222222222222222,0.625,0.8997844827586207
27,A1,0,9,0.14892929918152087,0.0891283461325562,0.5889891754006491,0.14892929918152087,0.1045049268832244,0.38142659260316464,0.13804612677997496,0.38142659260316464,-0.10672659667719696,5,4,0,4,0.4444444444444444,0.734375,0.9350393700787402
28,A1,0,9,0.22597711809053625,0.213643183762318,0.48554567807977295,0.22597711809053625,-1.0,-0.42990020221646635,1.0,0.42990020221646635,0.48984305286557833,7,1,1,2,0.2222222222222222,0.1484375,0.625
29,A1,0,9,-0.5156453525797522,-0.5652060201000222,0.4353532250035868,0.5156453525797522,0.14359912297567795,-1.0,0.48435464742024786,1.0,0.24617195211648238,1,8,0,3,0.3333333333333333,0.01171875,0.4166666666666667
30,A1,0,8,-0.181242274422508,-0.13402185639999747,0.4974449693197682,0.181242274422508,-0.05299292016127688,-0.04018728593843641,0.16531691396933149,0.15324072951816564,-0.017548837271118344,3,5,0,3,0.375,0.546875,0.8809523809523809
31,A1,0,9,-0.6374816567477221,-0.47200588648283126,0.8083484903948984,0.6374816567477221,-0.23524485455588814,-0.6992584090839953,0.40673718961713895,0.6992584090839953,0.24899795571236655,3,6,0,5,0.5555555555555556,0.203125,0.6914893617021277
32,A1,0,9,-0.46169963271956294,-0.28642517192508454,0.5787670216208843,0.46169963271956294,1.0,0.12646414894632987,1.0,0.2731130677758054,0.2300483368874327,3,6,0,3,0.3333333333333333,0.203125,0.6914893617021277
33,A2,1,8,-0.10994836579404993,-0.09903075905979511,0.2908374199115953,0.10994836579404993,-0.4865771466852411,-0.5531225010786249,0.5794444989222411,0.7291489046308948,0.005923276183054257,3,4,1,0,0.0,0.375,0.875
34,A2,1,8,0.030834171592384163,0.1502870790080149,0.7621884798584481,0.030834171592384163,-0.17262433410816785,-0.07254689254424052,0.17262433410816785,0.22011331444125873,0.05898765322481822,5,3,0,2,0.25,0.9453125,0.9821428571428571
35,A2,1,9,0.16969253099064016,0.04201751551592802,0.4040814518885903,0.16969253099064016,-0.22175195048630245,-0.15512111680364984,0.22175195048630245,0.3439949732769361,0.05088821145220913,6,3,0,2,0.2222222222222222,0.91015625,0.9821428571428571
36,A2,1,8,-0.08526480572688497,-0.1182468169312538,0.5704233033847486,0.08526480572688497,-0.017715562839168142,0.13769596700524045,0.06680531715020302,0.33636833468515936,0.05786290272553461,4,4,0,4,0.5,0.546875,0.8809523809523809
37,A2,1,9,-0.095520047287357,-0.1781948975774654,0.3792680528914528,0.095520047287357,-0.21024558809259858,-0.08851790990783746,0.22652808557567047,0.08851790990783746,-0.021368939965850695,3,6,0,3,0.3333333333333333,0.42578125,0.8809523809523809
38,A2,1,8,0.10404018939851603,0.03915347537975581,0.4454049289110134,0.10404018939851603,-0.17944392307838308,0.005665459073056834,0.25184856291330726,0.11749694551414055,-0.02078646866757675,6,2,0,3,0.375,0.546875,0.8809523809523809
39,A2,1,8,-0.23449012054802088,-0.38863841205235716,0.43679164657870545,0.23449012054802088,-0.4656894941978762,-1.0,0.4656894941978762,1.0,0.4123566095160134,1,6,1,1,0.125,0.03125,0.45454545454545453
40,A2,1,8,0.22512790608838246,-0.0018293448071784735,0.7939974003601582,0.22512790608838246,-0.2585093166736404,-0.16624125455315783,0.6208241622397253,0.21624042668471843,-0.038526509086176844,5,3,0,5,0.625,0.7421875,0.9350393700787402
41,A2,1,9,0.320395303399255,0.18280438043922856,0.8463333259196602,0.320395303399255,-0.44931666883189275,0.02537517495708877,0.6459575459368909,0.36370952901559755,0.23806114356734792,6,2,1,5,0.5555555555555556,0.546875,0.8809523809523809
42,A2,1,8,-0.5564922906613935,-0.7374578307652881,0.8551126701302063,0.5564922906613935,0.19301114943019787,-0.7082011265986379,0.616591633320622,0.7082011265986379,0.16120363586474273,1,7,0,5,0.625,0.0546875,0.546875
43,A2,1,8,0.10073102351918593,0.026650887750132052,0.7923183129370613,0.10073102351918593,-0.22112736599158817,-0.09301803796708752,0.40188538812457075,0.22433049006267577,0.07165872580923954,5,3,0,3,0.375,0.546875,0.8809523809523809
44,A2,1,8,0.16420651209826076,0.14771561022693167,0.41747594223731016,0.16420651209826076,-0.3934021895055255,-0.31795340767168695,0.3934021895055255,0.31795340767168695,0.052564794613046625,5,3,0,1,0.125,0.3828125,0.875
45,A2,1,8,-0.13583361434613073,-0.21993927341844283,0.5065210219371576,0.13583361434613073,-0.10107511948010195,-0.6667663859755486,0.10107511948010195,0.6701604073152402,0.07837694103055615,3,4,1,3,0.375,0.375,0.875
46,A2,1,8,-0.014704107221987311,0.13210304025289069,0.3037004253533851,0.014704107221987311,-0.14818761442497402,-0.20583408175301907,0.57676449728063,0.5239496032082898,0.13510085690969936,3,4,1,1,0.125,0.578125,0.8809523809523809
47,A2,1,8,-0.3811517512748043,-0.3087736136006892,0.6823213918568148,0.3811517512748043,-0.10722838097547924,-0.34076431348195657,0.2920541577253075,0.5529771464303679,0.03136312153934941,1,7,0,2,0.25,0.1484375,0.625
48,A2,1,8,0.04279444320985959,0.06640165954362995,0.597425871738335,0.04279444320985959,-0.32809651988539124,-0.4029508307409491,0.32809651988539124,0.5942196729344984,0.10458530199823972,4,2,2,3,0.375,0.84375,0.9782608695652174
49,A2,1,8,-0.1942629301928053,-0.05775938272553993,0.6034501503977505,0.1942629301928053,-0.588559175977963,-0.9751613602708828,0.588559175977963,0.9751613602708828,0.21919719550365763,2,5,1,1,0.125,0.578125,0.8809523809523809
50,A2,1,8,0.1986481383078196,0.0045563691225199154,0.6439296809716498,0.1986481383078196,-0.02622615902770128,0.08432341275905245,0.10537911756726234,0.27718777915026704,0.09943020776013131,5,3,0,7,0.875,0.9453125,0.9821428571428571
51,A2,1,8,0.6297922714090952,0.6670726545019161,0.9007579834494779,0.6297922714090952,-0.32665821257600897,0.37491961086405445,0.32665821257600897,0.6529755855692795,-0.10462811199649774,6,2,0,5,0.625,0.078125,0.5787037037037037
52,A2,1,8,0.09807819379370543,0.04173378584526294,0.6392264206634498,0.09807819379370543,0.022042657442399916,0.07256853651871867,0.18703504417583208,0.15641573471130854,0.14278162198045924,4,4,0,3,0.375,0.7421875,0.9350393700787402
53,A2,1,9,-0.45521304456328715,-0.213876846259212,0.7447525663468956,0.45521304456328715,-0.20207889390447856,0.006710502381180428,0.31922344598808033,0.16976313642767918,0.054171870238827344,3,6,0,4,0.4444444444444444,0.42578125,0.8809523809523809
54,A2,1,8,0.5865577688047442,0.5488662047323076,0.43798438933467576,0.5865577688047442,0.04981136995690565,1.0,0.0863949975563949,1.0,0.4850201512080271,7,1,0,2,0.25,0.0234375,0.4166666666666667
55,A2,1,9,-0.5206299522717455,-0.3110993163952985,0.4843936714960351,0.5206299522717455,-0.32384981799400087,-1.0,0.32384981799400087,1.0,0.6424101307217485,2,7,0,1,0.1111111111111111,0.12890625,0.625
56,A2,1,8,0.6078164004516347,0.531685940146629,0.7699806847947568,0.6078164004516347,-0.29316390561523265,0.1793006161822284,0.43930364135449107,0.2552623515764782,0.008101150129103141,7,1,0,5,0.625,0.1484375,0.625
57,A2,1,9,0.16280232999360528,0.15247461346962607,0.49793894093952673,0.16280232999360528,-0.3133700576158678,0.0346908048544476,0.4157247959223888,0.08651049324437447,0.17619077403705913,6,3,0,3,0.3333333333333333,0.30078125,0.7889344262295082
58,A2,1,8,-0.760533012386096,-0.395227935837185,1.0262828576636998,0.760533012386096,0.5841491620515548,-0.1465557515305697,0.8185400351736702,0.20246963086915706,-0.06093218884946451,2,6,0,6,0.75,0.25,0.7017543859649122
59,A2,1,9,0.0,0.036334965584772526,0.6659686019131212,0.0,-0.8568070486744147,-0.6257700779200902,0.8568070486744147,0.6257700779200902,0.2537228863630429,4,3,2,4,0.4444444444444444,0.8125,0.9782608695652174
60,A2,1,8,0.07186800428579507,0.08200879406171141,0.07324435180768456,0.07186800428579507,-0.07573399574612917,0.004722799587769085,0.17351559765970687,0.04519710417120374,0.06243253717176343,6,1,1,1,0.125,0.03125,0.45454545454545453
61,A2,1,8,0.24867000125739028,-0.05801760493657644,0.8025332091131269,0.24867000125739028,-0.2639289274417503,-0.33608234970175643,0.518813443312561,0.46653080354018456,0.09538169604272714,5,2,1,3,0.375,0.9375,0.9821428571428571
62,A2,1,9,0.06487473809473208,0.16229925406098383,0.5216846949895867,0.06487473809473208,-0.028877026257288455,0.006730991902858371,0.0555574188370557,0.09637575965668269,-0.14539968381930926,6,3,0,5,0.5555555555555556,0.42578125,0.8809523809523809
63,A2,1,8,0.12485658949911846,0.18669588303623952,0.2815263167410434,0.12485658949911846,-0.9604354290270403,-0.5057106187202361,0.9604354290270403,0.5057106187202361,-0.062015727081589846,6,1,1,0,0.0,0.046875,0.546875
64,A2,1,9,-0.022404514749932297,-0.04583362284389809,0.7135878557312172,0.022404514749932297,0.02824176652567408,-0.05405974574722199,0.12526499727167778,0.33967905174892893,-0.08489426555847927,3,6,0,2,0.2222222222222222,0.65234375,0.8997844827586207
65,A3,2,9,-0.127911299932177,-0.11140590842049392,0.7673345470446835,0.127911299932177,0.23957809745895708,0.006040314480986319,0.8342617734581367,0.32222589513165323,0.09482800706142111,3,6,0,3,0.3333333333333333,0.49609375,0.8809523809523809
66,A3,2,9,0.08177494724868617,-0.15543947163892335,0.6906117605423707,0.08177494724868617,-0.25414626934578777,-0.5176949474492084,0.35458293528223034,0.5176949474492084,0.30678936842305093,5,3,1,4,0.4444444444444444,0.9453125,0.9821428571428571
67,A3,2,9,0.38370622486529904,0.5652720046807641,0.516334231040039,0.38370622486529904,-0.029690081466575324,0.4641572946576429,0.20926556577751557,0.5100788401150798,-0.050634394840072205,7,2,0,5,0.5555555555555556,0.01953125,0.4166666666666667
68,A3,2,8,-0.10262505905776383,-0.2585466204249314,0.9241847535347741,0.10262505905776383,-0.013457390914021351,-0.020189722062856075,0.3750261314977436,0.49294566650951654,-0.11605451085614531,3,5,0,6,0.75,0.4609375,0.8809523809523809
69,A3,2,9,-0.32727189573163273,-0.40330802408933053,0.42185850402222125,0.32727189573163273,0.02220450344888348,-0.3648086545316048,0.13783801972101592,0.3648086545316048,0.10589036434650748,1,8,0,6,0.6666666666666666,0.0078125,0.4166666666666667
70,A3,2,8,-0.04891453833813075,0.08714951766639653,0.48844637216575804,0.04891453833813075,-0.030006910767882932,-0.05110240292233033,0.19631835294401734,0.05718128611649183,0.04137269597074619,3,5,0,3,0.375,0.9453125,0.9821428571428571
71,A3,2,9,-0.16044201700005462,-0.2337998312541697,0.5875175765765508,0.16044201700005462,0.1176622688074351,-0.029523769760247832,0.38112055199275924,0.0618738907873677,0.1825239851177082,1,8,0,4,0.4444444444444444,0.09765625,0.5787037037037037
72,A3,2,8,0.00454364515608844,0.09238079164059346,0.6917199994764353,0.00454364515608844,-0.003995603461464992,0.0007992565573227306,0.13126516967137353,0.05806186889974249,-0.0021566865202151684,4,4,0,6,0.75,0.9453125,0.9821428571428571
73,A3,2,9,0.21171084356056344,0.25414517827323063,0.7766173302628097,0.21171084356056344,-0.1845136183480636,-0.015416886266126766,0.18751620362791988,0.15279812375063265,-0.10175594592411413,5,4,0,5,0.5555555555555556,0.49609375,0.8809523809523809
74,A3,2,8,-0.04779507526251389,0.2402026215280379,0.569649558251146,0.04779507526251389,0.013593575221625014,0.023546969287951528,0.13013834727730422,0.0577484693288404,0.01971043432005112,3,5,0,7,0.875,0.9453125,0.9821428571428571
75,A3,2,8,-0.07028367047562638,0.08032546251342174,0.71900477063963,0.07028367047562638,-0.05376608826341343,0.21887892410889329,0.3126350358941264,0.2959282605363813,0.1481622131668794,4,4,0,4,0.5,1.0,1.0
76,A3,2,8,-0.04805770766375036,-0.0072938510246231825,0.6672226120648802,0.04805770766375036,0.09824145338306318,0.035255948377374204,0.31423700495117346,0.25693114788727056,0.029682261485703233,3,4,1,5,0.625,1.0,1.0
77,A3,2,9,-0.18554855196120212,-0.18189457850193158,0.5400293856098736,0.18554855196120212,0.06525605680383043,-0.287215247501242,0.2629003492726468,0.497775668215207,0.19896441763658082,3,5,1,6,0.6666666666666666,0.4609375,0.8809523809523809
78,A3,2,8,-0.1231650422146845,-0.20309380931655666,0.7094352288107213,0.1231650422146845,0.010329508852399426,-0.008012878422987898,0.09809250022877032,0.20629750120332102,0.0549786833882674,3,5,0,2,0.25,0.3125,0.7936507936507936
79,A3,2,8,-0.2739536854169661,-0.23762023714138988,0.9939120650244787,0.2739536854169661,-0.04670053372173129,-0.20383992785882898,0.7218966310129619,0.29434521232316896,0.09710102986521649,4,4,0,6,0.75,0.640625,0.8997844827586207
80,A3,2,8,-0.4550999543414863,-0.3659355969738758,1.0615019249972155,0.4550999543414863,0.565105841249297,-0.023665800893568584,0.7043878036828681,0.3134523371095389,0.024212456133907368,2,6,0,4,0.5,0.3828125,0.875
81,A3,2,8,0.022015370181859062,-0.19239437848213725,0.7620616663126336,0.022015370181859062,0.03589392616747989,-0.056345156983693745,0.2095812015403826,0.2950050331527715,0.057793148123734,4,4,0,5,0.625,0.9453125,0.9821428571428571
82,A3,2,8,0.21707798910349166,0.3060345612146017,0.452176338454331,0.21707798910349166,-0.3633662260508985,-0.04495986369850938,0.3633662260508985,0.23893145714548397,-0.06833619578592665,6,2,0,3,0.375,0.1484375,0.625
83,A3,2,8,0.04367811688025389,0.28636278383963054,0.766233804577053,0.04367811688025389,-0.22990393096754902,-0.0904950871933412,0.22990393096754902,0.36321549158409344,0.1158797662583805,5,3,0,3,0.375,0.546875,0.8809523809523809
84,A3,2,8,-0.08250957206590256,-0.00907008469965765,0.3188542812447399,0.08250957206590256,-0.05749941411920413,-0.012876464952024845,0.13460228696314508,0.1790288833253295,0.15005444714266175,3,5,0,3,0.375,0.9453125,0.9821428571428571
85,A3,2,8,-0.14834516040813672,0.003154598781286752,0.42240701143233284,0.14834516040813672,0.03106564770007604,-0.16170664966267173,0.17835713557371524,0.16170664966267173,-0.16449019478049004,3,5,0,4,0.5,0.7421875,0.9350393700787402
86,A3,2,8,-0.12367851525674242,-0.1667443308605639,0.44340489226021823,0.12367851525674242,-0.06336731230490303,-0.06854888498218768,0.3725510863728002,0.11159780126051222,0.07519795700246748,3,5,0,3,0.375,0.4609375,0.8809523809523809
87,A3,2,8,-0.0730155069669983,0.14400269410673813,0.6452612316875938,0.0730155069669983,0.0021458972821449644,-0.04720114324370463,0.42591546562712984,0.12445916602940704,-0.10101191690876363,2,5,1,6,0.75,0.9375,0.9821428571428571
88,A3,2,8,0.18388606534499313,0.26045485102054927,0.43759583334351304,0.18388606534499313,-0.08191873994649847,0.01901676225467211,0.1714077718913935,0.128748771230349,-0.05931152624675482,6,2,0,5,0.625,0.1953125,0.6914893617021277
89,A3,2,9,0.1846707216150837,-0.044004798660588214,0.6160545585175061,0.1846707216150837,0.07262124361541633,0.10115998278586791,0.5319881769514604,0.24553466704426755,0.007792737877661024,7,2,0,3,0.3333333333333333,0.5703125,0.8809523809523809
90,A3,2,8,-0.4956629272718707,-0.45931199509837944,0.41233841044466024,0.4956629272718707,0.09558093389421793,-0.001033345577199426,0.16398697012151728,0.09529209920194137,-0.046636518731195335,1,7,0,4,0.5,0.0234375,0.4166666666666667
91,A3,2,8,0.055085042694116446,0.07228123226961196,0.3697809701358991,0.055085042694116446,-0.050143103317688814,0.004933679424197789,0.20218534329914697,0.08570269977235102,0.06973574350790618,5,2,1,0,0.0,0.296875,0.7889344262295082
92,A3,2,8,0.23334492151060438,0.25886594363828064,0.28077255726295636,0.23334492151060438,-0.09701150638522676,0.07827927240597167,0.1475490718349187,0.10896747339228474,-0.07719227304727791,7,1,0,4,0.5,0.0546875,0.546875
93,A3,2,9,0.06704901046318662,-0.18730982303764934,0.6352728348945541,0.06704901046318662,0.10201624778140106,-0.09863324346654084,0.26890354862820265,0.20575054436710602,0.17648422276220654,5,4,0,4,0.4444444444444444,0.5703125,0.8809523809523809
94,A3,2,8,-0.12498551650351505,-0.5191979340034657,0.6470334233456921,0.12498551650351505,0.07383936779740578,-0.17134286752706396,0.14474045504798425,0.17134286752706396,-0.014951174667093328,1,7,0,4,0.5,0.0390625,0.5208333333333334
95,A3,2,9,-0.09562146229760536,-0.10989665250281407,0.9418531083450026,0.09562146229760536,0.014208300150041294,-0.06274122287570412,0.12220666659214305,0.4457643817361424,0.04768051784635128,4,5,0,7,0.7777777777777778,0.8203125,0.9782608695652174
96,A3,2,8,-0.02514009399660041,-0.17096666361058382,0.5348637880212497,0.02514009399660041,0.018278707287144202,-0.011461545643968073,0.15174680545532843,0.061875944340609695,0.1284561123327753,4,4,0,4,0.5,0.7421875,0.9350393700787402
97,A4,3,9,-0.08052083540003518,-0.16121576113875413,0.5078943026078524,0.08052083540003518,0.15367346648899755,-0.10802753250151646,0.15367346648899755,0.2880921230152983,0.34256336173026586,4,5,0,4,0.4444444444444444,0.5703125,0.8809523809523809
98,A4,3,9,0.014421620527317432,-0.09760031469534405,0.48467130787752194,0.014421620527317432,-0.11977580356305169,-0.10293726926934242,0.11977580356305169,0.22859459410549196,0.27196541802551993,5,4,0,2,0.2222222222222222,0.8203125,0.9782608695652174
99,A4,3,9,0.3487280068159937,0.2313786085213142,0.3232639898123609,0.3487280068159937,0.07075540922832102,0.23621556530931662,0.1864805941030851,0.2954932434732442,0.21251943179136393,7,2,0,3,0.3333333333333333,0.09765625,0.5787037037037037
100,A4,3,9,0.24833500853951307,0.23836276049487065,0.21858922809450784,0.24833500853951307,0.14349806311210184,0.47129992591543324,0.202486071927589,0.47129992591543324,0.19224512117813747,8,1,0,3,0.3333333333333333,0.01953125,0.4166666666666667
101,A4,3,9,0.3297540177451834,0.292036933008972,0.37138714585347044,0.3297540177451834,0.1951862698464591,0.6102696550694052,0.2450458062788097,0.6102696550694052,0.370529202143633,7,2,0,2,0.2222222222222222,0.07421875,0.5787037037037037
102,A4,3,9,0.13171500076750192,-0.022456658124919385,0.3839733621855873,0.13171500076750192,-0.0922811289309857,0.03943387183651621,0.12725247869285825,0.19147582215538475,0.28413195309889444,6,3,0,3,0.3333333333333333,0.65234375,0.8997844827586207
103,A4,3,9,-0.4727771185865496,-0.3442181164969701,0.4656858204850827,0.4727771185865496,-0.23010310506470538,-0.8638991364567264,0.23010310506470538,0.8638991364567264,0.325727192005465,3,6,0,1,0.1111111111111111,0.09765625,0.5787037037037037
104,A4,3,9,0.14548529043832634,0.36941770664189216,0.7390538004996365,0.14548529043832634,-0.056112162700943706,0.2844068061799389,0.2584251299879852,0.6335117917062265,0.10337405956590054,6,3,0,5,0.5555555555555556,0.203125,0.6914893617021277
105,A4,3,8,-0.030443915060400034,-0.11870692761346946,0.8074021122319027,0.030443915060400034,-0.06680436671248627,-0.09484590951669146,0.19057029475310333,0.29127571882497116,0.180729333188555,4,4,0,3,0.375,0.9453125,0.9821428571428571
106,A4,3,8,-0.04413783581095937,-0.25722505015047664,0.36915047088658814,0.04413783581095937,-0.043259854218192825,-0.15913829386453437,0.08632557069754287,0.18516555270973956,0.1337607175553866,2,6,0,1,0.125,0.25,0.7017543859649122
107,A4,3,9,-0.25419415883487845,-0.3897786605272652,0.2688533683673934,0.25419415883487845,-0.09034719776579686,-0.3445413566006753,0.14710824263992564,0.36059353711518427,0.20690892475254777,0,9,0,1,0.1111111111111111,0.00390625,0.3125
108,A4,3,8,0.06898565395447831,-0.27654090960643574,0.9109460232482907,0.06898565395447831,-0.04040165206262585,-0.07126828116047312,0.5602462217700945,0.13359266659981478,0.043850441768810616,5,3,0,4,0.5,0.7421875,0.9350393700787402
109,A4,3,8,0.10287543744487304,-0.028255956119602937,0.6187149618618152,0.10287543744487304,-0.18483005044063186,-0.13641295664757735,0.33695752829284703,0.14768688926215706,0.10252389081957554,5,3,0,3,0.375,0.640625,0.8997844827586207
110,A4,3,8,0.061128255219412155,0.10686644116324859,0.6030221751494993,0.061128255219412155,-0.16163195835284694,-0.07402492514128961,0.21206561000458957,0.16011136735837375,0.14597401033474694,4,4,0,4,0.5,0.9453125,0.9821428571428571
111,A4,3,8,0.11967362019943598,0.025717520422150135,0.3132622526186062,0.11967362019943598,-0.17849255415169546,-0.09682159224517661,0.21509539236728153,0.10539043937446606,0.05723464717525341,5,3,0,0,0.0,0.4609375,0.8809523809523809
112,A4,3,8,-0.024565632452924455,0.06056100006062441,0.34243450600295644,0.024565632452924455,-0.02674116859670838,-0.07708004986111411,0.09175194976200267,0.08497177121349209,0.2910203204430554,3,5,0,1,0.125,0.84375,0.9782608695652174
113,A4,3,9,-0.11832327621935035,-0.14157382816035013,0.4010350295328843,0.11832327621935035,0.1748103056503524,0.03867498557978185,0.1748103056503524,0.3196673808512137,0.6066147896205247,3,6,0,2,0.2222222222222222,0.49609375,0.8809523809523809
114,A4,3,9,-0.14093750299618044,-0.27745517186642465,0.5759381341302842,0.14093750299618044,-0.08068354472938802,-0.38353708410656806,0.24088124417065723,0.422421768093948,0.3195455581080593,2,7,0,0,0.0,0.203125,0.6914893617021277
115,A4,3,9,0.12551761610378004,0.1385360860895541,0.3140729011100781,0.12551761610378004,0.39175063108369124,0.5373678216247763,0.39175063108369124,0.551297646558103,0.6337020866562678,7,2,0,0,0.0,0.25,0.7017543859649122
116,A4,3,9,0.16852153084344484,0.029204338650759814,0.4346094564570502,0.16852153084344484,-0.0833288751465546,0.0970762838946365,0.09570055444589225,0.24120295440015968,0.2785402122603427,5,4,0,3,0.3333333333333333,0.734375,0.9350393700787402
117,A4,3,9,-0.07963944077456342,-0.1502269716227551,0.3668046909643674,0.07963944077456342,-0.420214583058568,-0.3680893374630706,0.420214583058568,0.3680893374630706,0.672909989408611,4,5,0,0,0.0,0.359375,0.875
118,A4,3,9,-0.11932084975015485,-0.16750176018594948,0.3505253488926355,0.11932084975015485,-0.19187254020916927,-0.2568901998348692,0.19187254020916927,0.2568901998348692,0.4240081945813702,3,6,0,2,0.2222222222222222,0.25,0.7017543859649122
119,A4,3,9,0.11451826600462406,0.0658812575157236,0.5716984712501749,0.11451826600462406,-0.008205081993033544,0.146847499905629,0.2916510219629163,0.3651446286469104,0.3242085540848911,5,4,0,1,0.1111111111111111,0.8203125,0.9782608695652174
120,A4,3,9,0.2702543769860811,0.3252144564077352,0.4367414181186264,0.2702543769860811,-0.7046301146916867,-0.38940207338739247,0.7046301146916867,0.38940207338739247,0.5425076077148765,6,3,0,2,0.2222222222222222,0.09765625,0.5787037037037037
121,A4,3,9,-0.04897469243781263,-0.05948297978872849,0.34641430266143786,0.04897469243781263,-0.01566028425919557,-0.13242849742644902,0.10444631988786626,0.3481201025911499,0.33496060133113853,4,5,0,3,0.3333333333333333,0.49609375,0.8809523809523809
122,A4,3,9,0.09196554253052791,0.10962071412697458,0.36930081770385076,0.09196554253052791,0.0757192151374038,0.15416959599519045,0.21463784852661086,0.20704270181205833,0.2187282870625557,5,4,0,2,0.2222222222222222,0.65234375,0.8997844827586207
123,A4,3,9,-0.07893638488089376,-0.11272428581686568,0.22345224172986528,0.07893638488089376,-0.04810036716344252,-0.10802252174885253,0.10200468456520356,0.1925156140907996,0.15309401260353458,2,7,0,1,0.1111111111111111,0.12890625,0.625
124,A4,3,9,-0.05536917162529533,-0.11838449132008873,0.3912327691294587,0.05536917162529533,-0.04756462225188743,-0.17811533604138768,0.20347062712619332,0.17811533604138768,0.22001208339735176,4,5,0,5,0.5555555555555556,0.65234375,0.8997844827586207
125,A4,3,9,-0.04171998202507632,-0.07096183026297997,0.18496529794336244,0.04171998202507632,-0.23320011659593415,-0.29923890898385913,0.268949605750761,0.29923890898385913,0.28418408271468926,2,7,0,1,0.1111111111111111,0.30078125,0.7889344262295082
126,A4,3,9,-0.009097315191936815,0.11254885436029477,0.3443699294778083,0.009097315191936815,-0.04970996690877319,-0.05116506449830583,0.04970996690877319,0.052080495104372314,0.3571619452343887,4,5,0,3,0.3333333333333333,0.65234375,0.8997844827586207
127,A4,3,9,0.008156404674195594,-0.010526845794629721,0.15513508527342165,0.008156404674195594,-0.008377318742138868,0.1329146150409894,0.10469730176014129,0.17736954724365137,0.5359583557083047,5,4,0,3,0.3333333333333333,1.0,1.0
128,A4,3,9,0.12984581605050188,0.12381790976186118,0.3267206661361555,0.12984581605050188,-0.12917801438981064,0.08287410537181523,0.15590440579504036,0.08287410537181523,0.21060512476459567,8,1,0,2,0.2222222222222222,0.09765625,0.5787037037037037
129,A5,4,9,-0.32148950352371497,-0.44695757337317116,0.617969311727739,0.32148950352371497,0.1776278906430587,-0.7799588702153543,0.5252294222119664,1.0,0.30829380869948303,1,5,3,2,0.2222222222222222,0.0625,0.5555555555555556
130,A5,4,9,-0.114737827446068,0.09843533522068765,0.49253511426690166,0.114737827446068,0.02315170206590292,0.06112073143560647,0.17585855888167448,0.27303470443308886,0.02157690351905523,3,6,0,2,0.2222222222222222,1.0,1.0
131,A5,4,9,0.0,-0.3136172355741657,0.7203775525527851,0.0,0.14488008862782695,-0.10388088138036439,0.44956304481989773,0.4603396796921145,0.3050563523675617,4,4,1,2,0.2222222222222222,0.4609375,0.8809523809523809
132,A5,4,9,-0.036110942348122635,-0.09975477800180653,0.40341477595360636,0.036110942348122635,0.7501764832976829,0.33272615189409777,1.0,0.41843433023411547,0.31133959091792907,2,5,2,2,0.2222222222222222,0.578125,0.8809523809523809
133,A5,4,9,-0.2687881616256206,-0.30481318114979045,0.6873866123269442,0.2687881616256206,0.18870901261954418,-0.09632506851898814,0.2878000406309643,0.729478493770197,0.30672628253127987,2,7,0,3,0.3333333333333333,0.25,0.7017543859649122
134,A5,4,9,0.0,-0.2365823410844207,0.6432805657447765,0.0,0.3952417628990132,0.07926247981116055,0.6071661333049189,0.7884377529207185,0.21548389899238998,4,4,1,2,0.2222222222222222,0.3125,0.7936507936507936
135,A5,4,9,-0.2773160347600182,-0.200869813292952,0.4897204140440497,0.2773160347600182,-0.19526397881145996,-1.0,0.30842640638651286,1.0,0.36281390451049683,2,7,0,1,0.1111111111111111,0.30078125,0.7889344262295082
136,A5,4,9,-0.06052887860008724,-0.01189355591035534,0.3972733902703489,0.06052887860008724,0.27228029860672226,0.10997958224492022,0.27228029860672226,0.19174134639573606,0.16513800098686535,3,6,0,3,0.3333333333333333,0.8203125,0.9782608695652174
137,A5,4,9,-0.07274876587520072,0.23104988138399948,0.7293645102516195,0.07274876587520072,-0.4155786652508451,-0.07513975981834949,0.4155786652508451,0.3163404481107438,0.10923452136716234,4,5,0,4,0.4444444444444444,0.42578125,0.8809523809523809
138,A5,4,8,-0.025877585568102775,0.020532790164048728,0.6697825240767779,0.025877585568102775,0.0646055492986032,0.01344264052347061,0.2418706866084844,0.10142240990074013,-0.0034883299037963052,3,4,1,3,0.375,0.8125,0.9782608695652174
139,A5,4,8,-0.042677647984457674,-0.12773176499778333,0.4456876607278018,0.042677647984457674,0.01655544533289688,0.06467707557961842,0.18670182047036163,0.18309003018058312,-0.024472943902938114,3,5,0,4,0.5,0.640625,0.8997844827586207
140,A5,4,8,0.053159233524934665,-0.051135054263731494,0.6601678415858143,0.053159233524934665,0.02855268926735951,-0.14619673513401624,0.3645985477832383,0.22912511598844948,-0.09634019321060905,5,3,0,3,0.375,0.9453125,0.9821428571428571
141,A5,4,8,-0.03009624660042637,-0.04956663859680796,0.6370822630971512,0.03009624660042637,-0.04945005309556531,-0.14972162808625117,0.23583082052092919,0.14972162808625117,0.07179718490541165,2,6,0,4,0.5,0.546875,0.8809523809523809
142,A5,4,8,-0.01333527533167201,-0.23025024611984918,0.5240530649929916,0.01333527533167201,-0.009593886202642583,-0.03404149574449174,0.2653410780803187,0.07137735140095613,-0.05976540069299466,4,4,0,4,0.5,0.640625,0.8997844827586207
143,A5,4,9,0.354192326809352,0.3000109474595246,0.47897449217850446,0.354192326809352,-0.8552842968014402,-0.2702127934601622,1.0,0.5010919699920883,0.03597395593613156,5,3,1,3,0.3333333333333333,0.1484375,0.625
144,A5,4,8,0.0,-0.1515163884967105,0.9428657073429426,0.0,-0.09627706429406661,-0.20546015555170072,0.7728359591126426,0.46713635428988176,0.032141911478931466,3,3,2,4,0.5,1.0,1.0
145,A5,4,9,-0.10131533879316018,-0.06678602756120723,0.8114417115918081,0.10131533879316018,0.10278143033876012,-0.020943121016571666,0.2932082204778952,0.7156262201973729,0.13792269575807645,3,5,1,3,0.3333333333333333,1.0,1.0
146,A5,4,9,-0.2683561197571839,-0.1892323428749806,0.3364538609494736,0.2683561197571839,-0.08586214585500661,-0.02026789890971258,0.554693824538248,0.29137917372989863,0.1399777580469653,2,6,1,3,0.3333333333333333,0.1953125,0.6914893617021277
147,A5,4,9,0.0,0.24019587244931198,0.5674022853848836,0.0,-0.39650524835907963,-0.10922474437816469,0.39650524835907963,0.3012166968063858,-0.01646232023073573,4,4,1,2,0.2222222222222222,0.546875,0.8809523809523809
148,A5,4,8,-0.0935193621351594,-0.1702783618225051,0.8465827737644938,0.0935193621351594,-0.11250078937174136,-0.20602015150690076,0.8246225740531363,0.3585427744366376,-0.009735577639604443,2,5,1,4,0.5,0.578125,0.8809523809523809
149,A5,4,9,-0.03210082504138817,-0.2929579639021274,0.6465536656012282,0.03210082504138817,-0.03220237976966735,-0.2105093438248345,0.45434523343484917,0.3816830042792356,0.0943939890812834,3,6,0,2,0.2222222222222222,0.25,0.7017543859649122
150,A5,4,9,-0.20208762690874538,-0.13650535838803082,0.5602899478459467,0.20208762690874538,-0.27740757254472986,-0.10074636774392962,0.49331479478307216,0.18934338944478024,-0.013308801061832142,3,5,1,5,0.5555555555555556,0.546875,0.8809523809523809
151,A5,4,9,-0.035870141812843925,-0.03379099345451772,0.7031463126033464,0.035870141812843925,-0.02369307110322517,0.053337022807844116,0.14557581352291807,0.4074416095541903,0.16559325203539985,4,5,0,5,0.5555555555555556,0.8203125,0.9782608695652174
152,A5,4,9,0.18279279904859302,0.057742431735928475,0.5413964455464738,0.18279279904859302,-0.37940385313411334,-0.41648151138070305,0.37940385313411334,0.41648151138070305,0.1849900791426291,5,4,0,2,0.2222222222222222,0.91015625,0.9821428571428571
153,A5,4,9,0.27642146095404746,0.36840122413062487,0.580277289307019,0.27642146095404746,-0.18986206342333797,0.2547768124581505,0.232448342298172,0.45421330403827964,0.03733823282230813,6,2,1,5,0.5555555555555556,0.1953125,0.6914893617021277
154,A5,4,9,-0.15901106425048445,0.009015761044034553,0.49597270062938864,0.15901106425048445,-0.11540092430182441,-0.2177259296701062,0.25011299311328655,0.2562375604529153,0.25640707857196365,4,5,0,4,0.4444444444444444,0.734375,0.9350393700787402
155,A5,4,8,-0.44938920252770287,-0.4282088546134452,0.6550520352687118,0.44938920252770287,0.35406837368850963,-0.12625956239573957,0.48158356411964454,0.31845754930640663,0.1121108821978479,2,6,0,5,0.625,0.1484375,0.625
156,A5,4,8,-0.07510962128158725,-0.26416131818407396,0.8455803546516583,0.07510962128158725,0.08938642985715434,0.0003445637345972396,0.21749741208345819,0.06758153994403279,-0.050001874924914855,4,4,0,6,0.75,0.546875,0.8809523809523809
157,A5,4,8,0.22824552653758948,0.32345393353620994,0.40078069800089305,0.22824552653758948,0.04792937280557645,0.08167716541655914,0.47912911243660383,0.10072958321963581,0.004452013657589345,7,1,0,2,0.25,0.0546875,0.546875
158,A5,4,9,-0.16017850618429313,-0.2921634663788175,0.6640008417915583,0.16017850618429313,-0.03378327709442011,-0.3196844439797919,0.41758978247017864,0.3196844439797919,0.037069831551684126,3,6,0,5,0.5555555555555556,0.359375,0.875
159,A5,4,9,-0.30854384256613343,-0.29529123558004333,0.500604731728547,0.30854384256613343,-0.004108388589193102,-0.0866990661890926,0.2897715936290024,0.0866990661890926,0.11840605432764817,4,5,0,4,0.4444444444444444,0.25,0.7017543859649122
160,A5,4,9,-0.1551036881479919,-0.31368376191481756,0.7072565100359175,0.1551036881479919,0.1091445116730129,-0.163671073096759,0.3837219720593529,0.16613343879966413,-0.012179425467053702,2,7,0,5,0.5555555555555556,0.12890625,0.625
