n_channels,channel_ids,max_n_sessions,session_ids,coverage,min_pair_r
1,38,8,20230330T133602;20230413T142422;20230505T123505;20230509T130346;20230511T142916;20230518T135808;20230523T145755;20230525T103049,8,0.913727
2,38;85,8,20230330T133602;20230413T142422;20230505T123505;20230509T130346;20230511T142916;20230518T135808;20230523T145755;20230525T103049,16,0.734615
3,38;85;71,7,20230413T142422;20230505T123505;20230509T130346;20230511T142916;20230518T135808;20230523T145755;20230525T103049,21,0.670626
4,38;85;71;68,5,20230330T133602;20230413T142422;20230505T123505;20230509T130346;20230523T145755,20,0.504747
5,38;85;71;68;47,5,20230413T142422;20230505T123505;20230509T130346;20230511T142916;20230523T145755,25,0.584745
6,38;85;71;68;47;61,4,20230505T123505;20230509T130346;20230511T142916;20230523T145755,24,0.785712
7,38;85;71;68;47;61;67,3,20230505T123505;20230509T130346;20230523T145755,21,0.820203
8,38;85;71;68;47;61;67;146,3,20230505T123505;20230509T130346;20230523T145755,24,0.820203
9,38;85;71;68;47;61;67;146;77,3,20230505T123505;20230509T130346;20230523T145755,27,0.803933
10,38;85;71;68;47;61;67;146;77;64,2,20230505T123505;20230523T145755,20,0.820203
11,38;85;71;68;47;61;67;146;77;64;69,2,20230523T145755;20230525T103049,22,0.529726
12,38;85;71;68;47;61;67;146;77;64;69;122,2,20230523T145755;20230525T103049,24,0.529726
13,38;85;71;68;47;61;67;146;77;64;69;122;66,2,20230523T145755;20230525T103049,26,0.529726
14,38;85;71;68;47;61;67;146;77;64;69;122;66;121,2,20230523T145755;20230525T103049,28,0.529726
15,38;85;71;68;47;61;67;146;77;64;69;122;66;121;32,1,20230330T133602,15,1.000000
16,38;85;71;68;47;61;67;146;77;64;69;122;66;121;32;70,1,20230330T133602,16,1.000000
17,38;85;71;68;47;61;67;146;77;64;69;122;66;121;32;70;76,1,20230330T133602,17,1.000000
18,38;85;71;68;47;61;67;146;77;64;69;122;66;121;32;70;76;62,1,20230330T133602,18,1.000000
19,38;85;71;68;47;61;67;146;77;64;69;122;66;121;32;70;76;62;31,1,20230330T133602,19,1.000000
20,38;85;71;68;47;61;67;146;77;64;69;122;66;121;32;70;76;62;31;78,1,20230330T133602,20,1.000000
21,38;85;71;68;47;61;67;146;77;64;69;122;66;121;32;70;76;62;31;78;105,1,20230330T133602,21,1.000000
22,38;85;71;68;47;61;67;146;77;64;69;122;66;121;32;70;76;62;31;78;105;25,1,20230330T133602,22,1.000000
23,38;85;71;68;47;61;67;146;77;64;69;122;66;121;32;70;76;62;31;78;105;25;30,1,20230330T133602,23,1.000000
24,38;85;71;68;47;61;67;146;77;64;69;122;66;121;32;70;76;62;31;78;105;25;30;29,1,20230330T133602,24,1.000000
25,38;85;71;68;47;61;67;146;77;64;69;122;66;121;32;70;76;62;31;78;105;25;30;29;22,1,20230330T133602,25,1.000000
26,38;85;71;68;47;61;67;146;77;64;69;122;66;121;32;70;76;62;31;78;105;25;30;29;22;75,1,20230330T133602,26,1.000000
27,38;85;71;68;47;61;67;146;77;64;69;122;66;121;32;70;76;62;31;78;105;25;30;29;22;75;11,1,20230330T133602,27,1.000000
28,38;85;71;68;47;61;67;146;77;64;69;122;66;121;32;70;76;62;31;78;105;25;30;29;22;75;11;15,1,20230330T133602,28,1.000000
29,38;85;71;68;47;61;67;146;77;64;69;122;66;121;32;70;76;62;31;78;105;25;30;29;22;75;11;15;142,1,20230330T133602,29,1.000000
30,38;85;71;68;47;61;67;146;77;64;69;122;66;121;32;70;76;62;31;78;105;25;30;29;22;75;11;15;142;134,1,20230330T133602,30,1.000000
31,38;85;71;68;47;61;67;146;77;64;69;122;66;121;32;70;76;62;31;78;105;25;30;29;22;75;11;15;142;134;82,1,20230330T133602,31,1.000000
32,38;85;71;68;47;61;67;146;77;64;69;122;66;121;32;70;76;62;31;78;105;25;30;29;22;75;11;15;142;134;82;20,1,20230330T133602,32,1.000000
33,38;85;71;68;47;61;67;146;77;64;69;122;66;121;32;70;76;62;31;78;105;25;30;29;22;75;11;15;142;134;82;20;16,1,20230330T133602,33,1.000000
34,38;85;71;68;47;61;67;146;77;64;69;122;66;121;32;70;76;62;31;78;105;25;30;29;22;75;11;15;142;134;82;20;16;80,1,20230330T133602,34,1.000000
35,38;85;71;68;47;61;67;146;77;64;69;122;66;121;32;70;76;62;31;78;105;25;30;29;22;75;11;15;142;134;82;20;16;80;21,1,20230330T133602,35,1.000000
36,38;85;71;68;47;61;67;146;77;64;69;122;66;121;32;70;76;62;31;78;105;25;30;29;22;75;11;15;142;134;82;20;16;80;21;130,1,20230330T133602,36,1.000000
37,38;85;71;68;47;61;67;146;77;64;69;122;66;121;32;70;76;62;31;78;105;25;30;29;22;75;11;15;142;134;82;20;16;80;21;130;148,1,20230330T133602,37,1.000000
38,38;85;71;68;47;61;67;146;77;64;69;122;66;121;32;70;76;62;31;78;105;25;30;29;22;75;11;15;142;134;82;20;16;80;21;130;148;138,1,20230330T133602,38,1.000000
39,38;85;71;68;47;61;67;146;77;64;69;122;66;121;32;70;76;62;31;78;105;25;30;29;22;75;11;15;142;134;82;20;16;80;21;130;148;138;13,1,20230330T133602,39,1.000000
40,38;85;71;68;47;61;67;146;77;64;69;122;66;121;32;70;76;62;31;78;105;25;30;29;22;75;11;15;142;134;82;20;16;80;21;130;148;138;13;81,1,20230330T133602,40,1.000000
41,38;85;71;68;47;61;67;146;77;64;69;122;66;121;32;70;76;62;31;78;105;25;30;29;22;75;11;15;142;134;82;20;16;80;21;130;148;138;13;81;95,1,20230330T133602,41,1.000000
42,38;85;71;68;47;61;67;146;77;64;69;122;66;121;32;70;76;62;31;78;105;25;30;29;22;75;11;15;142;134;82;20;16;80;21;130;148;138;13;81;95;93,1,20230330T133602,42,1.000000
43,38;85;71;68;47;61;67;146;77;64;69;122;66;121;32;70;76;62;31;78;105;25;30;29;22;75;11;15;142;134;82;20;16;80;21;130;148;138;13;81;95;93;27,1,20230330T133602,43,1.000000
44,38;85;71;68;47;61;67;146;77;64;69;122;66;121;32;70;76;62;31;78;105;25;30;29;22;75;11;15;142;134;82;20;16;80;21;130;148;138;13;81;95;93;27;79,1,20230330T133602,44,1.000000
45,38;85;71;68;47;61;67;146;77;64;69;122;66;121;32;70;76;62;31;78;105;25;30;29;22;75;11;15;142;134;82;20;16;80;21;130;148;138;13;81;95;93;27;79;63,1,20230330T133602,45,1.000000
46,38;85;71;68;47;61;67;146;77;64;69;122;66;121;32;70;76;62;31;78;105;25;30;29;22;75;11;15;142;134;82;20;16;80;21;130;148;138;13;81;95;93;27;79;63;137,1,20230330T133602,46,1.000000
47,38;85;71;68;47;61;67;146;77;64;69;122;66;121;32;70;76;62;31;78;105;25;30;29;22;75;11;15;142;134;82;20;16;80;21;130;148;138;13;81;95;93;27;79;63;137;26,1,20230330T133602,47,1.000000
48,38;85;71;68;47;61;67;146;77;64;69;122;66;121;32;70;76;62;31;78;105;25;30;29;22;75;11;15;142;134;82;20;16;80;21;130;148;138;13;81;95;93;27;79;63;137;26;44,1,20230330T133602,48,1.000000
49,38;85;71;68;47;61;67;146;77;64;69;122;66;121;32;70;76;62;31;78;105;25;30;29;22;75;11;15;142;134;82;20;16;80;21;130;148;138;13;81;95;93;27;79;63;137;26;44;19,1,20230330T133602,49,1.000000
50,38;85;71;68;47;61;67;146;77;64;69;122;66;121;32;70;76;62;31;78;105;25;30;29;22;75;11;15;142;134;82;20;16;80;21;130;148;138;13;81;95;93;27;79;63;137;26;44;19;9,1,20230330T133602,50,1.000000
51,38;85;71;68;47;61;67;146;77;64;69;122;66;121;32;70;76;62;31;78;105;25;30;29;22;75;11;15;142;134;82;20;16;80;21;130;148;138;13;81;95;93;27;79;63;137;26;44;19;9;43,1,20230330T133602,51,1.000000
52,38;85;71;68;47;61;67;146;77;64;69;122;66;121;32;70;76;62;31;78;105;25;30;29;22;75;11;15;142;134;82;20;16;80;21;130;148;138;13;81;95;93;27;79;63;137;26;44;19;9;43;140,1,20230330T133602,52,1.000000
53,38;85;71;68;47;61;67;146;77;64;69;122;66;121;32;70;76;62;31;78;105;25;30;29;22;75;11;15;142;134;82;20;16;80;21;130;148;138;13;81;95;93;27;79;63;137;26;44;19;9;43;140;147,1,20230330T133602,53,1.000000
54,38;85;71;68;47;61;67;146;77;64;69;122;66;121;32;70;76;62;31;78;105;25;30;29;22;75;11;15;142;134;82;20;16;80;21;130;148;138;13;81;95;93;27;79;63;137;26;44;19;9;43;140;147;17,1,20230330T133602,54,1.000000
55,38;85;71;68;47;61;67;146;77;64;69;122;66;121;32;70;76;62;31;78;105;25;30;29;22;75;11;15;142;134;82;20;16;80;21;130;148;138;13;81;95;93;27;79;63;137;26;44;19;9;43;140;147;17;24,1,20230330T133602,55,1.000000
56,38;85;71;68;47;61;67;146;77;64;69;122;66;121;32;70;76;62;31;78;105;25;30;29;22;75;11;15;142;134;82;20;16;80;21;130;148;138;13;81;95;93;27;79;63;137;26;44;19;9;43;140;147;17;24;59,1,20230330T133602,56,1.000000
57,38;85;71;68;47;61;67;146;77;64;69;122;66;121;32;70;76;62;31;78;105;25;30;29;22;75;11;15;142;134;82;20;16;80;21;130;148;138;13;81;95;93;27;79;63;137;26;44;19;9;43;140;147;17;24;59;12,1,20230330T133602,57,1.000000
58,38;85;71;68;47;61;67;146;77;64;69;122;66;121;32;70;76;62;31;78;105;25;30;29;22;75;11;15;142;134;82;20;16;80;21;130;148;138;13;81;95;93;27;79;63;137;26;44;19;9;43;140;147;17;24;59;12;153,1,20230330T133602,58,1.000000
59,38;85;71;68;47;61;67;146;77;64;69;122;66;121;32;70;76;62;31;78;105;25;30;29;22;75;11;15;142;134;82;20;16;80;21;130;148;138;13;81;95;93;27;79;63;137;26;44;19;9;43;140;147;17;24;59;12;153;91,1,20230330T133602,59,1.000000
60,38;85;71;68;47;61;67;146;77;64;69;122;66;121;32;70;76;62;31;78;105;25;30;29;22;75;11;15;142;134;82;20;16;80;21;130;148;138;13;81;95;93;27;79;63;137;26;44;19;9;43;140;147;17;24;59;12;153;91;10,1,20230330T133602,60,1.000000
61,38;85;71;68;47;61;67;146;77;64;69;122;66;121;32;70;76;62;31;78;105;25;30;29;22;75;11;15;142;134;82;20;16;80;21;130;148;138;13;81;95;93;27;79;63;137;26;44;19;9;43;140;147;17;24;59;12;153;91;10;139,1,20230330T133602,61,1.000000
62,38;85;71;68;47;61;67;146;77;64;69;122;66;121;32;70;76;62;31;78;105;25;30;29;22;75;11;15;142;134;82;20;16;80;21;130;148;138;13;81;95;93;27;79;63;137;26;44;19;9;43;140;147;17;24;59;12;153;91;10;139;23,1,20230330T133602,62,1.000000
63,38;85;71;68;47;61;67;146;77;64;69;122;66;121;32;70;76;62;31;78;105;25;30;29;22;75;11;15;142;134;82;20;16;80;21;130;148;138;13;81;95;93;27;79;63;137;26;44;19;9;43;140;147;17;24;59;12;153;91;10;139;23;7,1,20230330T133602,63,1.000000
64,38;85;71;68;47;61;67;146;77;64;69;122;66;121;32;70;76;62;31;78;105;25;30;29;22;75;11;15;142;134;82;20;16;80;21;130;148;138;13;81;95;93;27;79;63;137;26;44;19;9;43;140;147;17;24;59;12;153;91;10;139;23;7;60,1,20230330T133602,64,1.000000
65,38;85;71;68;47;61;67;146;77;64;69;122;66;121;32;70;76;62;31;78;105;25;30;29;22;75;11;15;142;134;82;20;16;80;21;130;148;138;13;81;95;93;27;79;63;137;26;44;19;9;43;140;147;17;24;59;12;153;91;10;139;23;7;60;46,1,20230330T133602,65,1.000000
66,38;85;71;68;47;61;67;146;77;64;69;122;66;121;32;70;76;62;31;78;105;25;30;29;22;75;11;15;142;134;82;20;16;80;21;130;148;138;13;81;95;93;27;79;63;137;26;44;19;9;43;140;147;17;24;59;12;153;91;10;139;23;7;60;46;94,1,20230330T133602,66,1.000000
67,38;85;71;68;47;61;67;146;77;64;69;122;66;121;32;70;76;62;31;78;105;25;30;29;22;75;11;15;142;134;82;20;16;80;21;130;148;138;13;81;95;93;27;79;63;137;26;44;19;9;43;140;147;17;24;59;12;153;91;10;139;23;7;60;46;94;52,1,20230330T133602,67,1.000000
68,38;85;71;68;47;61;67;146;77;64;69;122;66;121;32;70;76;62;31;78;105;25;30;29;22;75;11;15;142;134;82;20;16;80;21;130;148;138;13;81;95;93;27;79;63;137;26;44;19;9;43;140;147;17;24;59;12;153;91;10;139;23;7;60;46;94;52;141,1,20230330T133602,68,1.000000
69,38;85;71;68;47;61;67;146;77;64;69;122;66;121;32;70;76;62;31;78;105;25;30;29;22;75;11;15;142;134;82;20;16;80;21;130;148;138;13;81;95;93;27;79;63;137;26;44;19;9;43;140;147;17;24;59;12;153;91;10;139;23;7;60;46;94;52;141;156,1,20230330T133602,69,1.000000
70,38;85;71;68;47;61;67;146;77;64;69;122;66;121;32;70;76;62;31;78;105;25;30;29;22;75;11;15;142;134;82;20;16;80;21;130;148;138;13;81;95;93;27;79;63;137;26;44;19;9;43;140;147;17;24;59;12;153;91;10;139;23;7;60;46;94;52;141;156;88,1,20230330T133602,70,1.000000
71,38;85;71;68;47;61;67;146;77;64;69;122;66;121;32;70;76;62;31;78;105;25;30;29;22;75;11;15;142;134;82;20;16;80;21;130;148;138;13;81;95;93;27;79;63;137;26;44;19;9;43;140;147;17;24;59;12;153;91;10;139;23;7;60;46;94;52;141;156;88;123,1,20230330T133602,71,1.000000
72,38;85;71;68;47;61;67;146;77;64;69;122;66;121;32;70;76;62;31;78;105;25;30;29;22;75;11;15;142;134;82;20;16;80;21;130;148;138;13;81;95;93;27;79;63;137;26;44;19;9;43;140;147;17;24;59;12;153;91;10;139;23;7;60;46;94;52;141;156;88;123;89,1,20230330T133602,72,1.000000
73,38;85;71;68;47;61;67;146;77;64;69;122;66;121;32;70;76;62;31;78;105;25;30;29;22;75;11;15;142;134;82;20;16;80;21;130;148;138;13;81;95;93;27;79;63;137;26;44;19;9;43;140;147;17;24;59;12;153;91;10;139;23;7;60;46;94;52;141;156;88;123;89;72,1,20230330T133602,73,1.000000
74,38;85;71;68;47;61;67;146;77;64;69;122;66;121;32;70;76;62;31;78;105;25;30;29;22;75;11;15;142;134;82;20;16;80;21;130;148;138;13;81;95;93;27;79;63;137;26;44;19;9;43;140;147;17;24;59;12;153;91;10;139;23;7;60;46;94;52;141;156;88;123;89;72;56,1,20230330T133602,74,1.000000
75,38;85;71;68;47;61;67;146;77;64;69;122;66;121;32;70;76;62;31;78;105;25;30;29;22;75;11;15;142;134;82;20;16;80;21;130;148;138;13;81;95;93;27;79;63;137;26;44;19;9;43;140;147;17;24;59;12;153;91;10;139;23;7;60;46;94;52;141;156;88;123;89;72;56;133,1,20230330T133602,75,1.000000
76,38;85;71;68;47;61;67;146;77;64;69;122;66;121;32;70;76;62;31;78;105;25;30;29;22;75;11;15;142;134;82;20;16;80;21;130;148;138;13;81;95;93;27;79;63;137;26;44;19;9;43;140;147;17;24;59;12;153;91;10;139;23;7;60;46;94;52;141;156;88;123;89;72;56;133;28,1,20230330T133602,76,1.000000
77,38;85;71;68;47;61;67;146;77;64;69;122;66;121;32;70;76;62;31;78;105;25;30;29;22;75;11;15;142;134;82;20;16;80;21;130;148;138;13;81;95;93;27;79;63;137;26;44;19;9;43;140;147;17;24;59;12;153;91;10;139;23;7;60;46;94;52;141;156;88;123;89;72;56;133;28;40,1,20230330T133602,77,1.000000
78,38;85;71;68;47;61;67;146;77;64;69;122;66;121;32;70;76;62;31;78;105;25;30;29;22;75;11;15;142;134;82;20;16;80;21;130;148;138;13;81;95;93;27;79;63;137;26;44;19;9;43;140;147;17;24;59;12;153;91;10;139;23;7;60;46;94;52;141;156;88;123;89;72;56;133;28;40;39,1,20230330T133602,78,1.000000
79,38;85;71;68;47;61;67;146;77;64;69;122;66;121;32;70;76;62;31;78;105;25;30;29;22;75;11;15;142;134;82;20;16;80;21;130;148;138;13;81;95;93;27;79;63;137;26;44;19;9;43;140;147;17;24;59;12;153;91;10;139;23;7;60;46;94;52;141;156;88;123;89;72;56;133;28;40;39;74,1,20230330T133602,79,1.000000
80,38;85;71;68;47;61;67;146;77;64;69;122;66;121;32;70;76;62;31;78;105;25;30;29;22;75;11;15;142;134;82;20;16;80;21;130;148;138;13;81;95;93;27;79;63;137;26;44;19;9;43;140;147;17;24;59;12;153;91;10;139;23;7;60;46;94;52;141;156;88;123;89;72;56;133;28;40;39;74;18,1,20230330T133602,80,1.000000
81,38;85;71;68;47;61;67;146;77;64;69;122;66;121;32;70;76;62;31;78;105;25;30;29;22;75;11;15;142;134;82;20;16;80;21;130;148;138;13;81;95;93;27;79;63;137;26;44;19;9;43;140;147;17;24;59;12;153;91;10;139;23;7;60;46;94;52;141;156;88;123;89;72;56;133;28;40;39;74;18;6,1,20230330T133602,81,1.000000
82,38;85;71;68;47;61;67;146;77;64;69;122;66;121;32;70;76;62;31;78;105;25;30;29;22;75;11;15;142;134;82;20;16;80;21;130;148;138;13;81;95;93;27;79;63;137;26;44;19;9;43;140;147;17;24;59;12;153;91;10;139;23;7;60;46;94;52;141;156;88;123;89;72;56;133;28;40;39;74;18;6;36,1,20230330T133602,82,1.000000
83,38;85;71;68;47;61;67;146;77;64;69;122;66;121;32;70;76;62;31;78;105;25;30;29;22;75;11;15;142;134;82;20;16;80;21;130;148;138;13;81;95;93;27;79;63;137;26;44;19;9;43;140;147;17;24;59;12;153;91;10;139;23;7;60;46;94;52;141;156;88;123;89;72;56;133;28;40;39;74;18;6;36;97,1,20230330T133602,83,1.000000
84,38;85;71;68;47;61;67;146;77;64;69;122;66;121;32;70;76;62;31;78;105;25;30;29;22;75;11;15;142;134;82;20;16;80;21;130;148;138;13;81;95;93;27;79;63;137;26;44;19;9;43;140;147;17;24;59;12;153;91;10;139;23;7;60;46;94;52;141;156;88;123;89;72;56;133;28;40;39;74;18;6;36;97;144,1,20230330T133602,84,1.000000
85,38;85;71;68;47;61;67;146;77;64;69;122;66;121;32;70;76;62;31;78;105;25;30;29;22;75;11;15;142;134;82;20;16;80;21;130;148;138;13;81;95;93;27;79;63;137;26;44;19;9;43;140;147;17;24;59;12;153;91;10;139;23;7;60;46;94;52;141;156;88;123;89;72;56;133;28;40;39;74;18;6;36;97;144;48,1,20230330T133602,85,1.000000
86,38;85;71;68;47;61;67;146;77;64;69;122;66;121;32;70;76;62;31;78;105;25;30;29;22;75;11;15;142;134;82;20;16;80;21;130;148;138;13;81;95;93;27;79;63;137;26;44;19;9;43;140;147;17;24;59;12;153;91;10;139;23;7;60;46;94;52;141;156;88;123;89;72;56;133;28;40;39;74;18;6;36;97;144;48;14,1,20230330T133602,86,1.000000
87,38;85;71;68;47;61;67;146;77;64;69;122;66;121;32;70;76;62;31;78;105;25;30;29;22;75;11;15;142;134;82;20;16;80;21;130;148;138;13;81;95;93;27;79;63;137;26;44;19;9;43;140;147;17;24;59;12;153;91;10;139;23;7;60;46;94;52;141;156;88;123;89;72;56;133;28;40;39;74;18;6;36;97;144;48;14;45,1,20230330T133602,87,1.000000
88,38;85;71;68;47;61;67;146;77;64;69;122;66;121;32;70;76;62;31;78;105;25;30;29;22;75;11;15;142;134;82;20;16;80;21;130;148;138;13;81;95;93;27;79;63;137;26;44;19;9;43;140;147;17;24;59;12;153;91;10;139;23;7;60;46;94;52;141;156;88;123;89;72;56;133;28;40;39;74;18;6;36;97;144;48;14;45;41,1,20230330T133602,88,1.000000
89,38;85;71;68;47;61;67;146;77;64;69;122;66;121;32;70;76;62;31;78;105;25;30;29;22;75;11;15;142;134;82;20;16;80;21;130;148;138;13;81;95;93;27;79;63;137;26;44;19;9;43;140;147;17;24;59;12;153;91;10;139;23;7;60;46;94;52;141;156;88;123;89;72;56;133;28;40;39;74;18;6;36;97;144;48;14;45;41;92,1,20230330T133602,89,1.000000
90,38;85;71;68;47;61;67;146;77;64;69;122;66;121;32;70;76;62;31;78;105;25;30;29;22;75;11;15;142;134;82;20;16;80;21;130;148;138;13;81;95;93;27;79;63;137;26;44;19;9;43;140;147;17;24;59;12;153;91;10;139;23;7;60;46;94;52;141;156;88;123;89;72;56;133;28;40;39;74;18;6;36;97;144;48;14;45;41;92;149,1,20230330T133602,90,1.000000
91,38;85;71;68;47;61;67;146;77;64;69;122;66;121;32;70;76;62;31;78;105;25;30;29;22;75;11;15;142;134;82;20;16;80;21;130;148;138;13;81;95;93;27;79;63;137;26;44;19;9;43;140;147;17;24;59;12;153;91;10;139;23;7;60;46;94;52;141;156;88;123;89;72;56;133;28;40;39;74;18;6;36;97;144;48;14;45;41;92;149;84,1,20230330T133602,91,1.000000
92,38;85;71;68;47;61;67;146;77;64;69;122;66;121;32;70;76;62;31;78;105;25;30;29;22;75;11;15;142;134;82;20;16;80;21;130;148;138;13;81;95;93;27;79;63;137;26;44;19;9;43;140;147;17;24;59;12;153;91;10;139;23;7;60;46;94;52;141;156;88;123;89;72;56;133;28;40;39;74;18;6;36;97;144;48;14;45;41;92;149;84;125,1,20230330T133602,92,1.000000
93,38;85;71;68;47;61;67;146;77;64;69;122;66;121;32;70;76;62;31;78;105;25;30;29;22;75;11;15;142;134;82;20;16;80;21;130;148;138;13;81;95;93;27;79;63;137;26;44;19;9;43;140;147;17;24;59;12;153;91;10;139;23;7;60;46;94;52;141;156;88;123;89;72;56;133;28;40;39;74;18;6;36;97;144;48;14;45;41;92;149;84;125;132,1,20230330T133602,93,1.000000
94,38;85;71;68;47;61;67;146;77;64;69;122;66;121;32;70;76;62;31;78;105;25;30;29;22;75;11;15;142;134;82;20;16;80;21;130;148;138;13;81;95;93;27;79;63;137;26;44;19;9;43;140;147;17;24;59;12;153;91;10;139;23;7;60;46;94;52;141;156;88;123;89;72;56;133;28;40;39;74;18;6;36;97;144;48;14;45;41;92;149;84;125;132;111,1,20230330T133602,94,1.000000
95,38;85;71;68;47;61;67;146;77;64;69;122;66;121;32;70;76;62;31;78;105;25;30;29;22;75;11;15;142;134;82;20;16;80;21;130;148;138;13;81;95;93;27;79;63;137;26;44;19;9;43;140;147;17;24;59;12;153;91;10;139;23;7;60;46;94;52;141;156;88;123;89;72;56;133;28;40;39;74;18;6;36;97;144;48;14;45;41;92;149;84;125;132;111;57,1,20230330T133602,95,1.000000
96,38;85;71;68;47;61;67;146;77;64;69;122;66;121;32;70;76;62;31;78;105;25;30;29;22;75;11;15;142;134;82;20;16;80;21;130;148;138;13;81;95;93;27;79;63;137;26;44;19;9;43;140;147;17;24;59;12;153;91;10;139;23;7;60;46;94;52;141;156;88;123;89;72;56;133;28;40;39;74;18;6;36;97;144;48;14;45;41;92;149;84;125;132;111;57;96,1,20230330T133602,96,1.000000
97,38;85;71;68;47;61;67;146;77;64;69;122;66;121;32;70;76;62;31;78;105;25;30;29;22;75;11;15;142;134;82;20;16;80;21;130;148;138;13;81;95;93;27;79;63;137;26;44;19;9;43;140;147;17;24;59;12;153;91;10;139;23;7;60;46;94;52;141;156;88;123;89;72;56;133;28;40;39;74;18;6;36;97;144;48;14;45;41;92;149;84;125;132;111;57;96;136,1,20230330T133602,97,1.000000
98,38;85;71;68;47;61;67;146;77;64;69;122;66;121;32;70;76;62;31;78;105;25;30;29;22;75;11;15;142;134;82;20;16;80;21;130;148;138;13;81;95;93;27;79;63;137;26;44;19;9;43;140;147;17;24;59;12;153;91;10;139;23;7;60;46;94;52;141;156;88;123;89;72;56;133;28;40;39;74;18;6;36;97;144;48;14;45;41;92;149;84;125;132;111;57;96;136;106,1,20230330T133602,98,1.000000
99,38;85;71;68;47;61;67;146;77;64;69;122;66;121;32;70;76;62;31;78;105;25;30;29;22;75;11;15;142;134;82;20;16;80;21;130;148;138;13;81;95;93;27;79;63;137;26;44;19;9;43;140;147;17;24;59;12;153;91;10;139;23;7;60;46;94;52;141;156;88;123;89;72;56;133;28;40;39;74;18;6;36;97;144;48;14;45;41;92;149;84;125;132;111;57;96;136;106;98,1,20230330T133602,99,1.000000
100,38;85;71;68;47;61;67;146;77;64;69;122;66;121;32;70;76;62;31;78;105;25;30;29;22;75;11;15;142;134;82;20;16;80;21;130;148;138;13;81;95;93;27;79;63;137;26;44;19;9;43;140;147;17;24;59;12;153;91;10;139;23;7;60;46;94;52;141;156;88;123;89;72;56;133;28;40;39;74;18;6;36;97;144;48;14;45;41;92;149;84;125;132;111;57;96;136;106;98;145,1,20230330T133602,100,1.000000
101,38;85;71;68;47;61;67;146;77;64;69;122;66;121;32;70;76;62;31;78;105;25;30;29;22;75;11;15;142;134;82;20;16;80;21;130;148;138;13;81;95;93;27;79;63;137;26;44;19;9;43;140;147;17;24;59;12;153;91;10;139;23;7;60;46;94;52;141;156;88;123;89;72;56;133;28;40;39;74;18;6;36;97;144;48;14;45;41;92;149;84;125;132;111;57;96;136;106;98;145;115,1,20230330T133602,101,1.000000
102,38;85;71;68;47;61;67;146;77;64;69;122;66;121;32;70;76;62;31;78;105;25;30;29;22;75;11;15;142;134;82;20;16;80;21;130;148;138;13;81;95;93;27;79;63;137;26;44;19;9;43;140;147;17;24;59;12;153;91;10;139;23;7;60;46;94;52;141;156;88;123;89;72;56;133;28;40;39;74;18;6;36;97;144;48;14;45;41;92;149;84;125;132;111;57;96;136;106;98;145;115;55,1,20230330T133602,102,1.000000
103,38;85;71;68;47;61;67;146;77;64;69;122;66;121;32;70;76;62;31;78;105;25;30;29;22;75;11;15;142;134;82;20;16;80;21;130;148;138;13;81;95;93;27;79;63;137;26;44;19;9;43;140;147;17;24;59;12;153;91;10;139;23;7;60;46;94;52;141;156;88;123;89;72;56;133;28;40;39;74;18;6;36;97;144;48;14;45;41;92;149;84;125;132;111;57;96;136;106;98;145;115;55;90,1,20230330T133602,103,1.000000
104,38;85;71;68;47;61;67;146;77;64;69;122;66;121;32;70;76;62;31;78;105;25;30;29;22;75;11;15;142;134;82;20;16;80;21;130;148;138;13;81;95;93;27;79;63;137;26;44;19;9;43;140;147;17;24;59;12;153;91;10;139;23;7;60;46;94;52;141;156;88;123;89;72;56;133;28;40;39;74;18;6;36;97;144;48;14;45;41;92;149;84;125;132;111;57;96;136;106;98;145;115;55;90;102,1,20230330T133602,104,1.000000
105,38;85;71;68;47;61;67;146;77;64;69;122;66;121;32;70;76;62;31;78;105;25;30;29;22;75;11;15;142;134;82;20;16;80;21;130;148;138;13;81;95;93;27;79;63;137;26;44;19;9;43;140;147;17;24;59;12;153;91;10;139;23;7;60;46;94;52;141;156;88;123;89;72;56;133;28;40;39;74;18;6;36;97;144;48;14;45;41;92;149;84;125;132;111;57;96;136;106;98;145;115;55;90;102;101,1,20230330T133602,105,1.000000
106,38;85;71;68;47;61;67;146;77;64;69;122;66;121;32;70;76;62;31;78;105;25;30;29;22;75;11;15;142;134;82;20;16;80;21;130;148;138;13;81;95;93;27;79;63;137;26;44;19;9;43;140;147;17;24;59;12;153;91;10;139;23;7;60;46;94;52;141;156;88;123;89;72;56;133;28;40;39;74;18;6;36;97;144;48;14;45;41;92;149;84;125;132;111;57;96;136;106;98;145;115;55;90;102;101;53,1,20230330T133602,106,1.000000
107,38;85;71;68;47;61;67;146;77;64;69;122;66;121;32;70;76;62;31;78;105;25;30;29;22;75;11;15;142;134;82;20;16;80;21;130;148;138;13;81;95;93;27;79;63;137;26;44;19;9;43;140;147;17;24;59;12;153;91;10;139;23;7;60;46;94;52;141;156;88;123;89;72;56;133;28;40;39;74;18;6;36;97;144;48;14;45;41;92;149;84;125;132;111;57;96;136;106;98;145;115;55;90;102;101;53;160,1,20230330T133602,107,1.000000
108,38;85;71;68;47;61;67;146;77;64;69;122;66;121;32;70;76;62;31;78;105;25;30;29;22;75;11;15;142;134;82;20;16;80;21;130;148;138;13;81;95;93;27;79;63;137;26;44;19;9;43;140;147;17;24;59;12;153;91;10;139;23;7;60;46;94;52;141;156;88;123;89;72;56;133;28;40;39;74;18;6;36;97;144;48;14;45;41;92;149;84;125;132;111;57;96;136;106;98;145;115;55;90;102;101;53;160;135,1,20230330T133602,108,1.000000
109,38;85;71;68;47;61;67;146;77;64;69;122;66;121;32;70;76;62;31;78;105;25;30;29;22;75;11;15;142;134;82;20;16;80;21;130;148;138;13;81;95;93;27;79;63;137;26;44;19;9;43;140;147;17;24;59;12;153;91;10;139;23;7;60;46;94;52;141;156;88;123;89;72;56;133;28;40;39;74;18;6;36;97;144;48;14;45;41;92;149;84;125;132;111;57;96;136;106;98;145;115;55;90;102;101;53;160;135;87,1,20230330T133602,109,1.000000
110,38;85;71;68;47;61;67;146;77;64;69;122;66;121;32;70;76;62;31;78;105;25;30;29;22;75;11;15;142;134;82;20;16;80;21;130;148;138;13;81;95;93;27;79;63;137;26;44;19;9;43;140;147;17;24;59;12;153;91;10;139;23;7;60;46;94;52;141;156;88;123;89;72;56;133;28;40;39;74;18;6;36;97;144;48;14;45;41;92;149;84;125;132;111;57;96;136;106;98;145;115;55;90;102;101;53;160;135;87;37,1,20230330T133602,110,1.000000
111,38;85;71;68;47;61;67;146;77;64;69;122;66;121;32;70;76;62;31;78;105;25;30;29;22;75;11;15;142;134;82;20;16;80;21;130;148;138;13;81;95;93;27;79;63;137;26;44;19;9;43;140;147;17;24;59;12;153;91;10;139;23;7;60;46;94;52;141;156;88;123;89;72;56;133;28;40;39;74;18;6;36;97;144;48;14;45;41;92;149;84;125;132;111;57;96;136;106;98;145;115;55;90;102;101;53;160;135;87;37;54,1,20230330T133602,111,1.000000
112,38;85;71;68;47;61;67;146;77;64;69;122;66;121;32;70;76;62;31;78;105;25;30;29;22;75;11;15;142;134;82;20;16;80;21;130;148;138;13;81;95;93;27;79;63;137;26;44;19;9;43;140;147;17;24;59;12;153;91;10;139;23;7;60;46;94;52;141;156;88;123;89;72;56;133;28;40;39;74;18;6;36;97;144;48;14;45;41;92;149;84;125;132;111;57;96;136;106;98;145;115;55;90;102;101;53;160;135;87;37;54;1,1,20230330T133602,112,1.000000
113,38;85;71;68;47;61;67;146;77;64;69;122;66;121;32;70;76;62;31;78;105;25;30;29;22;75;11;15;142;134;82;20;16;80;21;130;148;138;13;81;95;93;27;79;63;137;26;44;19;9;43;140;147;17;24;59;12;153;91;10;139;23;7;60;46;94;52;141;156;88;123;89;72;56;133;28;40;39;74;18;6;36;97;144;48;14;45;41;92;149;84;125;132;111;57;96;136;106;98;145;115;55;90;102;101;53;160;135;87;37;54;1;50,1,20230330T133602,113,1.000000
114,38;85;71;68;47;61;67;146;77;64;69;122;66;121;32;70;76;62;31;78;105;25;30;29;22;75;11;15;142;134;82;20;16;80;21;130;148;138;13;81;95;93;27;79;63;137;26;44;19;9;43;140;147;17;24;59;12;153;91;10;139;23;7;60;46;94;52;141;156;88;123;89;72;56;133;28;40;39;74;18;6;36;97;144;48;14;45;41;92;149;84;125;132;111;57;96;136;106;98;145;115;55;90;102;101;53;160;135;87;37;54;1;50;151,1,20230330T133602,114,1.000000
115,38;85;71;68;47;61;67;146;77;64;69;122;66;121;32;70;76;62;31;78;105;25;30;29;22;75;11;15;142;134;82;20;16;80;21;130;148;138;13;81;95;93;27;79;63;137;26;44;19;9;43;140;147;17;24;59;12;153;91;10;139;23;7;60;46;94;52;141;156;88;123;89;72;56;133;28;40;39;74;18;6;36;97;144;48;14;45;41;92;149;84;125;132;111;57;96;136;106;98;145;115;55;90;102;101;53;160;135;87;37;54;1;50;151;5,1,20230330T133602,115,1.000000
116,38;85;71;68;47;61;67;146;77;64;69;122;66;121;32;70;76;62;31;78;105;25;30;29;22;75;11;15;142;134;82;20;16;80;21;130;148;138;13;81;95;93;27;79;63;137;26;44;19;9;43;140;147;17;24;59;12;153;91;10;139;23;7;60;46;94;52;141;156;88;123;89;72;56;133;28;40;39;74;18;6;36;97;144;48;14;45;41;92;149;84;125;132;111;57;96;136;106;98;145;115;55;90;102;101;53;160;135;87;37;54;1;50;151;5;65,1,20230330T133602,116,1.000000
117,38;85;71;68;47;61;67;146;77;64;69;122;66;121;32;70;76;62;31;78;105;25;30;29;22;75;11;15;142;134;82;20;16;80;21;130;148;138;13;81;95;93;27;79;63;137;26;44;19;9;43;140;147;17;24;59;12;153;91;10;139;23;7;60;46;94;52;141;156;88;123;89;72;56;133;28;40;39;74;18;6;36;97;144;48;14;45;41;92;149;84;125;132;111;57;96;136;106;98;145;115;55;90;102;101;53;160;135;87;37;54;1;50;151;5;65;103,1,20230330T133602,117,1.000000
118,38;85;71;68;47;61;67;146;77;64;69;122;66;121;32;70;76;62;31;78;105;25;30;29;22;75;11;15;142;134;82;20;16;80;21;130;148;138;13;81;95;93;27;79;63;137;26;44;19;9;43;140;147;17;24;59;12;153;91;10;139;23;7;60;46;94;52;141;156;88;123;89;72;56;133;28;40;39;74;18;6;36;97;144;48;14;45;41;92;149;84;125;132;111;57;96;136;106;98;145;115;55;90;102;101;53;160;135;87;37;54;1;50;151;5;65;103;99,1,20230330T133602,118,1.000000
119,38;85;71;68;47;61;67;146;77;64;69;122;66;121;32;70;76;62;31;78;105;25;30;29;22;75;11;15;142;134;82;20;16;80;21;130;148;138;13;81;95;93;27;79;63;137;26;44;19;9;43;140;147;17;24;59;12;153;91;10;139;23;7;60;46;94;52;141;156;88;123;89;72;56;133;28;40;39;74;18;6;36;97;144;48;14;45;41;92;149;84;125;132;111;57;96;136;106;98;145;115;55;90;102;101;53;160;135;87;37;54;1;50;151;5;65;103;99;51,1,20230330T133602,119,1.000000
120,38;85;71;68;47;61;67;146;77;64;69;122;66;121;32;70;76;62;31;78;105;25;30;29;22;75;11;15;142;134;82;20;16;80;21;130;148;138;13;81;95;93;27;79;63;137;26;44;19;9;43;140;147;17;24;59;12;153;91;10;139;23;7;60;46;94;52;141;156;88;123;89;72;56;133;28;40;39;74;18;6;36;97;144;48;14;45;41;92;149;84;125;132;111;57;96;136;106;98;145;115;55;90;102;101;53;160;135;87;37;54;1;50;151;5;65;103;99;51;152,1,20230330T133602,120,1.000000
121,38;85;71;68;47;61;67;146;77;64;69;122;66;121;32;70;76;62;31;78;105;25;30;29;22;75;11;15;142;134;82;20;16;80;21;130;148;138;13;81;95;93;27;79;63;137;26;44;19;9;43;140;147;17;24;59;12;153;91;10;139;23;7;60;46;94;52;141;156;88;123;89;72;56;133;28;40;39;74;18;6;36;97;144;48;14;45;41;92;149;84;125;132;111;57;96;136;106;98;145;115;55;90;102;101;53;160;135;87;37;54;1;50;151;5;65;103;99;51;152;83,1,20230330T133602,121,1.000000
122,38;85;71;68;47;61;67;146;77;64;69;122;66;121;32;70;76;62;31;78;105;25;30;29;22;75;11;15;142;134;82;20;16;80;21;130;148;138;13;81;95;93;27;79;63;137;26;44;19;9;43;140;147;17;24;59;12;153;91;10;139;23;7;60;46;94;52;141;156;88;123;89;72;56;133;28;40;39;74;18;6;36;97;144;48;14;45;41;92;149;84;125;132;111;57;96;136;106;98;145;115;55;90;102;101;53;160;135;87;37;54;1;50;151;5;65;103;99;51;152;83;8,1,20230330T133602,122,1.000000
123,38;85;71;68;47;61;67;146;77;64;69;122;66;121;32;70;76;62;31;78;105;25;30;29;22;75;11;15;142;134;82;20;16;80;21;130;148;138;13;81;95;93;27;79;63;137;26;44;19;9;43;140;147;17;24;59;12;153;91;10;139;23;7;60;46;94;52;141;156;88;123;89;72;56;133;28;40;39;74;18;6;36;97;144;48;14;45;41;92;149;84;125;132;111;57;96;136;106;98;145;115;55;90;102;101;53;160;135;87;37;54;1;50;151;5;65;103;99;51;152;83;8;73,1,20230330T133602,123,1.000000
124,38;85;71;68;47;61;67;146;77;64;69;122;66;121;32;70;76;62;31;78;105;25;30;29;22;75;11;15;142;134;82;20;16;80;21;130;148;138;13;81;95;93;27;79;63;137;26;44;19;9;43;140;147;17;24;59;12;153;91;10;139;23;7;60;46;94;52;141;156;88;123;89;72;56;133;28;40;39;74;18;6;36;97;144;48;14;45;41;92;149;84;125;132;111;57;96;136;106;98;145;115;55;90;102;101;53;160;135;87;37;54;1;50;151;5;65;103;99;51;152;83;8;73;119,1,20230330T133602,124,1.000000
125,38;85;71;68;47;61;67;146;77;64;69;122;66;121;32;70;76;62;31;78;105;25;30;29;22;75;11;15;142;134;82;20;16;80;21;130;148;138;13;81;95;93;27;79;63;137;26;44;19;9;43;140;147;17;24;59;12;153;91;10;139;23;7;60;46;94;52;141;156;88;123;89;72;56;133;28;40;39;74;18;6;36;97;144;48;14;45;41;92;149;84;125;132;111;57;96;136;106;98;145;115;55;90;102;101;53;160;135;87;37;54;1;50;151;5;65;103;99;51;152;83;8;73;119;49,1,20230330T133602,125,1.000000
126,38;85;71;68;47;61;67;146;77;64;69;122;66;121;32;70;76;62;31;78;105;25;30;29;22;75;11;15;142;134;82;20;16;80;21;130;148;138;13;81;95;93;27;79;63;137;26;44;19;9;43;140;147;17;24;59;12;153;91;10;139;23;7;60;46;94;52;141;156;88;123;89;72;56;133;28;40;39;74;18;6;36;97;144;48;14;45;41;92;149;84;125;132;111;57;96;136;106;98;145;115;55;90;102;101;53;160;135;87;37;54;1;50;151;5;65;103;99;51;152;83;8;73;119;49;58,1,20230330T133602,126,1.000000
127,38;85;71;68;47;61;67;146;77;64;69;122;66;121;32;70;76;62;31;78;105;25;30;29;22;75;11;15;142;134;82;20;16;80;21;130;148;138;13;81;95;93;27;79;63;137;26;44;19;9;43;140;147;17;24;59;12;153;91;10;139;23;7;60;46;94;52;141;156;88;123;89;72;56;133;28;40;39;74;18;6;36;97;144;48;14;45;41;92;149;84;125;132;111;57;96;136;106;98;145;115;55;90;102;101;53;160;135;87;37;54;1;50;151;5;65;103;99;51;152;83;8;73;119;49;58;116,1,20230330T133602,127,1.000000
128,38;85;71;68;47;61;67;146;77;64;69;122;66;121;32;70;76;62;31;78;105;25;30;29;22;75;11;15;142;134;82;20;16;80;21;130;148;138;13;81;95;93;27;79;63;137;26;44;19;9;43;140;147;17;24;59;12;153;91;10;139;23;7;60;46;94;52;141;156;88;123;89;72;56;133;28;40;39;74;18;6;36;97;144;48;14;45;41;92;149;84;125;132;111;57;96;136;106;98;145;115;55;90;102;101;53;160;135;87;37;54;1;50;151;5;65;103;99;51;152;83;8;73;119;49;58;116;143,1,20230330T133602,128,1.000000
129,38;85;71;68;47;61;67;146;77;64;69;122;66;121;32;70;76;62;31;78;105;25;30;29;22;75;11;15;142;134;82;20;16;80;21;130;148;138;13;81;95;93;27;79;63;137;26;44;19;9;43;140;147;17;24;59;12;153;91;10;139;23;7;60;46;94;52;141;156;88;123;89;72;56;133;28;40;39;74;18;6;36;97;144;48;14;45;41;92;149;84;125;132;111;57;96;136;106;98;145;115;55;90;102;101;53;160;135;87;37;54;1;50;151;5;65;103;99;51;152;83;8;73;119;49;58;116;143;4,1,20230330T133602,129,1.000000
130,38;85;71;68;47;61;67;146;77;64;69;122;66;121;32;70;76;62;31;78;105;25;30;29;22;75;11;15;142;134;82;20;16;80;21;130;148;138;13;81;95;93;27;79;63;137;26;44;19;9;43;140;147;17;24;59;12;153;91;10;139;23;7;60;46;94;52;141;156;88;123;89;72;56;133;28;40;39;74;18;6;36;97;144;48;14;45;41;92;149;84;125;132;111;57;96;136;106;98;145;115;55;90;102;101;53;160;135;87;37;54;1;50;151;5;65;103;99;51;152;83;8;73;119;49;58;116;143;4;42,1,20230330T133602,130,1.000000
131,38;85;71;68;47;61;67;146;77;64;69;122;66;121;32;70;76;62;31;78;105;25;30;29;22;75;11;15;142;134;82;20;16;80;21;130;148;138;13;81;95;93;27;79;63;137;26;44;19;9;43;140;147;17;24;59;12;153;91;10;139;23;7;60;46;94;52;141;156;88;123;89;72;56;133;28;40;39;74;18;6;36;97;144;48;14;45;41;92;149;84;125;132;111;57;96;136;106;98;145;115;55;90;102;101;53;160;135;87;37;54;1;50;151;5;65;103;99;51;152;83;8;73;119;49;58;116;143;4;42;109,1,20230330T133602,131,1.000000
132,38;85;71;68;47;61;67;146;77;64;69;122;66;121;32;70;76;62;31;78;105;25;30;29;22;75;11;15;142;134;82;20;16;80;21;130;148;138;13;81;95;93;27;79;63;137;26;44;19;9;43;140;147;17;24;59;12;153;91;10;139;23;7;60;46;94;52;141;156;88;123;89;72;56;133;28;40;39;74;18;6;36;97;144;48;14;45;41;92;149;84;125;132;111;57;96;136;106;98;145;115;55;90;102;101;53;160;135;87;37;54;1;50;151;5;65;103;99;51;152;83;8;73;119;49;58;116;143;4;42;109;114,1,20230330T133602,132,1.000000
133,38;85;71;68;47;61;67;146;77;64;69;122;66;121;32;70;76;62;31;78;105;25;30;29;22;75;11;15;142;134;82;20;16;80;21;130;148;138;13;81;95;93;27;79;63;137;26;44;19;9;43;140;147;17;24;59;12;153;91;10;139;23;7;60;46;94;52;141;156;88;123;89;72;56;133;28;40;39;74;18;6;36;97;144;48;14;45;41;92;149;84;125;132;111;57;96;136;106;98;145;115;55;90;102;101;53;160;135;87;37;54;1;50;151;5;65;103;99;51;152;83;8;73;119;49;58;116;143;4;42;109;114;112,1,20230330T133602,133,1.000000
134,38;85;71;68;47;61;67;146;77;64;69;122;66;121;32;70;76;62;31;78;105;25;30;29;22;75;11;15;142;134;82;20;16;80;21;130;148;138;13;81;95;93;27;79;63;137;26;44;19;9;43;140;147;17;24;59;12;153;91;10;139;23;7;60;46;94;52;141;156;88;123;89;72;56;133;28;40;39;74;18;6;36;97;144;48;14;45;41;92;149;84;125;132;111;57;96;136;106;98;145;115;55;90;102;101;53;160;135;87;37;54;1;50;151;5;65;103;99;51;152;83;8;73;119;49;58;116;143;4;42;109;114;112;107,1,20230330T133602,134,1.000000
135,38;85;71;68;47;61;67;146;77;64;69;122;66;121;32;70;76;62;31;78;105;25;30;29;22;75;11;15;142;134;82;20;16;80;21;130;148;138;13;81;95;93;27;79;63;137;26;44;19;9;43;140;147;17;24;59;12;153;91;10;139;23;7;60;46;94;52;141;156;88;123;89;72;56;133;28;40;39;74;18;6;36;97;144;48;14;45;41;92;149;84;125;132;111;57;96;136;106;98;145;115;55;90;102;101;53;160;135;87;37;54;1;50;151;5;65;103;99;51;152;83;8;73;119;49;58;116;143;4;42;109;114;112;107;158,1,20230330T133602,135,1.000000
136,38;85;71;68;47;61;67;146;77;64;69;122;66;121;32;70;76;62;31;78;105;25;30;29;22;75;11;15;142;134;82;20;16;80;21;130;148;138;13;81;95;93;27;79;63;137;26;44;19;9;43;140;147;17;24;59;12;153;91;10;139;23;7;60;46;94;52;141;156;88;123;89;72;56;133;28;40;39;74;18;6;36;97;144;48;14;45;41;92;149;84;125;132;111;57;96;136;106;98;145;115;55;90;102;101;53;160;135;87;37;54;1;50;151;5;65;103;99;51;152;83;8;73;119;49;58;116;143;4;42;109;114;112;107;158;100,1,20230330T133602,136,1.000000
137,38;85;71;68;47;61;67;146;77;64;69;122;66;121;32;70;76;62;31;78;105;25;30;29;22;75;11;15;142;134;82;20;16;80;21;130;148;138;13;81;95;93;27;79;63;137;26;44;19;9;43;140;147;17;24;59;12;153;91;10;139;23;7;60;46;94;52;141;156;88;123;89;72;56;133;28;40;39;74;18;6;36;97;144;48;14;45;41;92;149;84;125;132;111;57;96;136;106;98;145;115;55;90;102;101;53;160;135;87;37;54;1;50;151;5;65;103;99;51;152;83;8;73;119;49;58;116;143;4;42;109;114;112;107;158;100;108,1,20230330T133602,137,1.000000
138,38;85;71;68;47;61;67;146;77;64;69;122;66;121;32;70;76;62;31;78;105;25;30;29;22;75;11;15;142;134;82;20;16;80;21;130;148;138;13;81;95;93;27;79;63;137;26;44;19;9;43;140;147;17;24;59;12;153;91;10;139;23;7;60;46;94;52;141;156;88;123;89;72;56;133;28;40;39;74;18;6;36;97;144;48;14;45;41;92;149;84;125;132;111;57;96;136;106;98;145;115;55;90;102;101;53;160;135;87;37;54;1;50;151;5;65;103;99;51;152;83;8;73;119;49;58;116;143;4;42;109;114;112;107;158;100;108;128,1,20230330T133602,138,1.000000
139,38;85;71;68;47;61;67;146;77;64;69;122;66;121;32;70;76;62;31;78;105;25;30;29;22;75;11;15;142;134;82;20;16;80;21;130;148;138;13;81;95;93;27;79;63;137;26;44;19;9;43;140;147;17;24;59;12;153;91;10;139;23;7;60;46;94;52;141;156;88;123;89;72;56;133;28;40;39;74;18;6;36;97;144;48;14;45;41;92;149;84;125;132;111;57;96;136;106;98;145;115;55;90;102;101;53;160;135;87;37;54;1;50;151;5;65;103;99;51;152;83;8;73;119;49;58;116;143;4;42;109;114;112;107;158;100;108;128;104,1,20230330T133602,139,1.000000
140,38;85;71;68;47;61;67;146;77;64;69;122;66;121;32;70;76;62;31;78;105;25;30;29;22;75;11;15;142;134;82;20;16;80;21;130;148;138;13;81;95;93;27;79;63;137;26;44;19;9;43;140;147;17;24;59;12;153;91;10;139;23;7;60;46;94;52;141;156;88;123;89;72;56;133;28;40;39;74;18;6;36;97;144;48;14;45;41;92;149;84;125;132;111;57;96;136;106;98;145;115;55;90;102;101;53;160;135;87;37;54;1;50;151;5;65;103;99;51;152;83;8;73;119;49;58;116;143;4;42;109;114;112;107;158;100;108;128;104;33,1,20230330T133602,140,1.000000
141,38;85;71;68;47;61;67;146;77;64;69;122;66;121;32;70;76;62;31;78;105;25;30;29;22;75;11;15;142;134;82;20;16;80;21;130;148;138;13;81;95;93;27;79;63;137;26;44;19;9;43;140;147;17;24;59;12;153;91;10;139;23;7;60;46;94;52;141;156;88;123;89;72;56;133;28;40;39;74;18;6;36;97;144;48;14;45;41;92;149;84;125;132;111;57;96;136;106;98;145;115;55;90;102;101;53;160;135;87;37;54;1;50;151;5;65;103;99;51;152;83;8;73;119;49;58;116;143;4;42;109;114;112;107;158;100;108;128;104;33;34,1,20230330T133602,141,1.000000
142,38;85;71;68;47;61;67;146;77;64;69;122;66;121;32;70;76;62;31;78;105;25;30;29;22;75;11;15;142;134;82;20;16;80;21;130;148;138;13;81;95;93;27;79;63;137;26;44;19;9;43;140;147;17;24;59;12;153;91;10;139;23;7;60;46;94;52;141;156;88;123;89;72;56;133;28;40;39;74;18;6;36;97;144;48;14;45;41;92;149;84;125;132;111;57;96;136;106;98;145;115;55;90;102;101;53;160;135;87;37;54;1;50;151;5;65;103;99;51;152;83;8;73;119;49;58;116;143;4;42;109;114;112;107;158;100;108;128;104;33;34;3,1,20230330T133602,142,1.000000
143,38;85;71;68;47;61;67;146;77;64;69;122;66;121;32;70;76;62;31;78;105;25;30;29;22;75;11;15;142;134;82;20;16;80;21;130;148;138;13;81;95;93;27;79;63;137;26;44;19;9;43;140;147;17;24;59;12;153;91;10;139;23;7;60;46;94;52;141;156;88;123;89;72;56;133;28;40;39;74;18;6;36;97;144;48;14;45;41;92;149;84;125;132;111;57;96;136;106;98;145;115;55;90;102;101;53;160;135;87;37;54;1;50;151;5;65;103;99;51;152;83;8;73;119;49;58;116;143;4;42;109;114;112;107;158;100;108;128;104;33;34;3;124,1,20230330T133602,143,1.000000
144,38;85;71;68;47;61;67;146;77;64;69;122;66;121;32;70;76;62;31;78;105;25;30;29;22;75;11;15;142;134;82;20;16;80;21;130;148;138;13;81;95;93;27;79;63;137;26;44;19;9;43;140;147;17;24;59;12;153;91;10;139;23;7;60;46;94;52;141;156;88;123;89;72;56;133;28;40;39;74;18;6;36;97;144;48;14;45;41;92;149;84;125;132;111;57;96;136;106;98;145;115;55;90;102;101;53;160;135;87;37;54;1;50;151;5;65;103;99;51;152;83;8;73;119;49;58;116;143;4;42;109;114;112;107;158;100;108;128;104;33;34;3;124;157,1,20230330T133602,144,1.000000
145,38;85;71;68;47;61;67;146;77;64;69;122;66;121;32;70;76;62;31;78;105;25;30;29;22;75;11;15;142;134;82;20;16;80;21;130;148;138;13;81;95;93;27;79;63;137;26;44;19;9;43;140;147;17;24;59;12;153;91;10;139;23;7;60;46;94;52;141;156;88;123;89;72;56;133;28;40;39;74;18;6;36;97;144;48;14;45;41;92;149;84;125;132;111;57;96;136;106;98;145;115;55;90;102;101;53;160;135;87;37;54;1;50;151;5;65;103;99;51;152;83;8;73;119;49;58;116;143;4;42;109;114;112;107;158;100;108;128;104;33;34;3;124;157;127,1,20230330T133602,145,1.000000
146,38;85;71;68;47;61;67;146;77;64;69;122;66;121;32;70;76;62;31;78;105;25;30;29;22;75;11;15;142;134;82;20;16;80;21;130;148;138;13;81;95;93;27;79;63;137;26;44;19;9;43;140;147;17;24;59;12;153;91;10;139;23;7;60;46;94;52;141;156;88;123;89;72;56;133;28;40;39;74;18;6;36;97;144;48;14;45;41;92;149;84;125;132;111;57;96;136;106;98;145;115;55;90;102;101;53;160;135;87;37;54;1;50;151;5;65;103;99;51;152;83;8;73;119;49;58;116;143;4;42;109;114;112;107;158;100;108;128;104;33;34;3;124;157;127;155,1,20230330T133602,146,1.000000
147,38;85;71;68;47;61;67;146;77;64;69;122;66;121;32;70;76;62;31;78;105;25;30;29;22;75;11;15;142;134;82;20;16;80;21;130;148;138;13;81;95;93;27;79;63;137;26;44;19;9;43;140;147;17;24;59;12;153;91;10;139;23;7;60;46;94;52;141;156;88;123;89;72;56;133;28;40;39;74;18;6;36;97;144;48;14;45;41;92;149;84;125;132;111;57;96;136;106;98;145;115;55;90;102;101;53;160;135;87;37;54;1;50;151;5;65;103;99;51;152;83;8;73;119;49;58;116;143;4;42;109;114;112;107;158;100;108;128;104;33;34;3;124;157;127;155;113,1,20230330T133602,147,1.000000
148,38;85;71;68;47;61;67;146;77;64;69;122;66;121;32;70;76;62;31;78;105;25;30;29;22;75;11;15;142;134;82;20;16;80;21;130;148;138;13;81;95;93;27;79;63;137;26;44;19;9;43;140;147;17;24;59;12;153;91;10;139;23;7;60;46;94;52;141;156;88;123;89;72;56;133;28;40;39;74;18;6;36;97;144;48;14;45;41;92;149;84;125;132;111;57;96;136;106;98;145;115;55;90;102;101;53;160;135;87;37;54;1;50;151;5;65;103;99;51;152;83;8;73;119;49;58;116;143;4;42;109;114;112;107;158;100;108;128;104;33;34;3;124;157;127;155;113;159,1,20230330T133602,148,1.000000
149,38;85;71;68;47;61;67;146;77;64;69;122;66;121;32;70;76;62;31;78;105;25;30;29;22;75;11;15;142;134;82;20;16;80;21;130;148;138;13;81;95;93;27;79;63;137;26;44;19;9;43;140;147;17;24;59;12;153;91;10;139;23;7;60;46;94;52;141;156;88;123;89;72;56;133;28;40;39;74;18;6;36;97;144;48;14;45;41;92;149;84;125;132;111;57;96;136;106;98;145;115;55;90;102;101;53;160;135;87;37;54;1;50;151;5;65;103;99;51;152;83;8;73;119;49;58;116;143;4;42;109;114;112;107;158;100;108;128;104;33;34;3;124;157;127;155;113;159;126,1,20230330T133602,149,1.000000
150,38;85;71;68;47;61;67;146;77;64;69;122;66;121;32;70;76;62;31;78;105;25;30;29;22;75;11;15;142;134;82;20;16;80;21;130;148;138;13;81;95;93;27;79;63;137;26;44;19;9;43;140;147;17;24;59;12;153;91;10;139;23;7;60;46;94;52;141;156;88;123;89;72;56;133;28;40;39;74;18;6;36;97;144;48;14;45;41;92;149;84;125;132;111;57;96;136;106;98;145;115;55;90;102;101;53;160;135;87;37;54;1;50;151;5;65;103;99;51;152;83;8;73;119;49;58;116;143;4;42;109;114;112;107;158;100;108;128;104;33;34;3;124;157;127;155;113;159;126;150,1,20230330T133602,150,1.000000
151,38;85;71;68;47;61;67;146;77;64;69;122;66;121;32;70;76;62;31;78;105;25;30;29;22;75;11;15;142;134;82;20;16;80;21;130;148;138;13;81;95;93;27;79;63;137;26;44;19;9;43;140;147;17;24;59;12;153;91;10;139;23;7;60;46;94;52;141;156;88;123;89;72;56;133;28;40;39;74;18;6;36;97;144;48;14;45;41;92;149;84;125;132;111;57;96;136;106;98;145;115;55;90;102;101;53;160;135;87;37;54;1;50;151;5;65;103;99;51;152;83;8;73;119;49;58;116;143;4;42;109;114;112;107;158;100;108;128;104;33;34;3;124;157;127;155;113;159;126;150;35,1,20230330T133602,151,1.000000
152,38;85;71;68;47;61;67;146;77;64;69;122;66;121;32;70;76;62;31;78;105;25;30;29;22;75;11;15;142;134;82;20;16;80;21;130;148;138;13;81;95;93;27;79;63;137;26;44;19;9;43;140;147;17;24;59;12;153;91;10;139;23;7;60;46;94;52;141;156;88;123;89;72;56;133;28;40;39;74;18;6;36;97;144;48;14;45;41;92;149;84;125;132;111;57;96;136;106;98;145;115;55;90;102;101;53;160;135;87;37;54;1;50;151;5;65;103;99;51;152;83;8;73;119;49;58;116;143;4;42;109;114;112;107;158;100;108;128;104;33;34;3;124;157;127;155;113;159;126;150;35;131,1,20230330T133602,152,1.000000
153,38;85;71;68;47;61;67;146;77;64;69;122;66;121;32;70;76;62;31;78;105;25;30;29;22;75;11;15;142;134;82;20;16;80;21;130;148;138;13;81;95;93;27;79;63;137;26;44;19;9;43;140;147;17;24;59;12;153;91;10;139;23;7;60;46;94;52;141;156;88;123;89;72;56;133;28;40;39;74;18;6;36;97;144;48;14;45;41;92;149;84;125;132;111;57;96;136;106;98;145;115;55;90;102;101;53;160;135;87;37;54;1;50;151;5;65;103;99;51;152;83;8;73;119;49;58;116;143;4;42;109;114;112;107;158;100;108;128;104;33;34;3;124;157;127;155;113;159;126;150;35;131;118,1,20230330T133602,153,1.000000
154,38;85;71;68;47;61;67;146;77;64;69;122;66;121;32;70;76;62;31;78;105;25;30;29;22;75;11;15;142;134;82;20;16;80;21;130;148;138;13;81;95;93;27;79;63;137;26;44;19;9;43;140;147;17;24;59;12;153;91;10;139;23;7;60;46;94;52;141;156;88;123;89;72;56;133;28;40;39;74;18;6;36;97;144;48;14;45;41;92;149;84;125;132;111;57;96;136;106;98;145;115;55;90;102;101;53;160;135;87;37;54;1;50;151;5;65;103;99;51;152;83;8;73;119;49;58;116;143;4;42;109;114;112;107;158;100;108;128;104;33;34;3;124;157;127;155;113;159;126;150;35;131;118;129,1,20230330T133602,154,1.000000
155,38;85;71;68;47;61;67;146;77;64;69;122;66;121;32;70;76;62;31;78;105;25;30;29;22;75;11;15;142;134;82;20;16;80;21;130;148;138;13;81;95;93;27;79;63;137;26;44;19;9;43;140;147;17;24;59;12;153;91;10;139;23;7;60;46;94;52;141;156;88;123;89;72;56;133;28;40;39;74;18;6;36;97;144;48;14;45;41;92;149;84;125;132;111;57;96;136;106;98;145;115;55;90;102;101;53;160;135;87;37;54;1;50;151;5;65;103;99;51;152;83;8;73;119;49;58;116;143;4;42;109;114;112;107;158;100;108;128;104;33;34;3;124;157;127;155;113;159;126;150;35;131;118;129;120,1,20230330T133602,155,1.000000
156,38;85;71;68;47;61;67;146;77;64;69;122;66;121;32;70;76;62;31;78;105;25;30;29;22;75;11;15;142;134;82;20;16;80;21;130;148;138;13;81;95;93;27;79;63;137;26;44;19;9;43;140;147;17;24;59;12;153;91;10;139;23;7;60;46;94;52;141;156;88;123;89;72;56;133;28;40;39;74;18;6;36;97;144;48;14;45;41;92;149;84;125;132;111;57;96;136;106;98;145;115;55;90;102;101;53;160;135;87;37;54;1;50;151;5;65;103;99;51;152;83;8;73;119;49;58;116;143;4;42;109;114;112;107;158;100;108;128;104;33;34;3;124;157;127;155;113;159;126;150;35;131;118;129;120;110,1,20230330T133602,156,1.000000
157,38;85;71;68;47;61;67;146;77;64;69;122;66;121;32;70;76;62;31;78;105;25;30;29;22;75;11;15;142;134;82;20;16;80;21;130;148;138;13;81;95;93;27;79;63;137;26;44;19;9;43;140;147;17;24;59;12;153;91;10;139;23;7;60;46;94;52;141;156;88;123;89;72;56;133;28;40;39;74;18;6;36;97;144;48;14;45;41;92;149;84;125;132;111;57;96;136;106;98;145;115;55;90;102;101;53;160;135;87;37;54;1;50;151;5;65;103;99;51;152;83;8;73;119;49;58;116;143;4;42;109;114;112;107;158;100;108;128;104;33;34;3;124;157;127;155;113;159;126;150;35;131;118;129;120;110;117,1,20230330T133602,157,1.000000
158,38;85;71;68;47;61;67;146;77;64;69;122;66;121;32;70;76;62;31;78;105;25;30;29;22;75;11;15;142;134;82;20;16;80;21;130;148;138;13;81;95;93;27;79;63;137;26;44;19;9;43;140;147;17;24;59;12;153;91;10;139;23;7;60;46;94;52;141;156;88;123;89;72;56;133;28;40;39;74;18;6;36;97;144;48;14;45;41;92;149;84;125;132;111;57;96;136;106;98;145;115;55;90;102;101;53;160;135;87;37;54;1;50;151;5;65;103;99;51;152;83;8;73;119;49;58;116;143;4;42;109;114;112;107;158;100;108;128;104;33;34;3;124;157;127;155;113;159;126;150;35;131;118;129;120;110;117;86,1,20230330T133602,158,1.000000
159,38;85;71;68;47;61;67;146;77;64;69;122;66;121;32;70;76;62;31;78;105;25;30;29;22;75;11;15;142;134;82;20;16;80;21;130;148;138;13;81;95;93;27;79;63;137;26;44;19;9;43;140;147;17;24;59;12;153;91;10;139;23;7;60;46;94;52;141;156;88;123;89;72;56;133;28;40;39;74;18;6;36;97;144;48;14;45;41;92;149;84;125;132;111;57;96;136;106;98;145;115;55;90;102;101;53;160;135;87;37;54;1;50;151;5;65;103;99;51;152;83;8;73;119;49;58;116;143;4;42;109;114;112;107;158;100;108;128;104;33;34;3;124;157;127;155;113;159;126;150;35;131;118;129;120;110;117;86;154,1,20230330T133602,159,1.000000
