channel,array_name,n_sessions,median_pairwise_r,icc,sign_concordance,n_same_sign,si_mean,si_std,si_median_abs,si_pairwise_median_delta,stable,tuned_stable_rank
1,A1,10,0.08426906410222564,0.09673769761640515,0.7,7,-0.4020121612639828,0.4399511479444381,0.31866122342470804,0.512579525816202,False,
2,A1,7,0.02733596776421922,0.008926213768046283,0.5714285714285714,4,-0.12411810267428881,0.37796791116041506,0.08018195456714264,0.22368420087991964,False,
3,A1,8,0.057381324702883665,0.0010743275695414504,0.5,4,-0.13957350339456695,0.32665958889707253,0.009616834518975777,0.06422059588102347,False,
4,A1,10,0.0847347758212167,0.050790394942590245,0.9,9,0.1287117203400943,0.24984126133660162,0.2287249294133074,0.17307650479561648,False,
6,A1,10,0.009951483508572908,0.010000987579709882,0.7,7,0.1450544226690419,0.30481756560048007,0.053168295368723084,0.14030164411425075,False,
8,A1,9,0.03519066948820268,0.01577449775226326,0.5555555555555556,5,-0.0530661360242753,0.4280205073109738,0.1626414752115305,0.3240580842073291,False,
9,A1,10,0.30087783578117994,0.20115139433409604,0.9,9,0.537353731098779,0.4199760022129115,0.5619767904614285,0.6783389837226752,False,
10,A1,10,-0.007380265331242414,0.019176793629511812,0.8,8,0.2249332719472426,0.3382876303283211,0.1421567741329739,0.2838665240630275,False,
11,A1,10,0.22158837367867365,0.18221100469423315,0.7,7,0.13628547361090143,0.28745853867559024,0.2621696754278009,0.3148958003202846,False,
12,A1,10,0.0484769399415499,0.02237999527649344,1.0,10,0.28650273957982025,0.26874337710128476,0.1783570601080822,0.23801170840855407,False,
13,A1,10,0.4370717278860243,0.3201333352432724,0.8,8,0.19062334121457922,0.21492409268942925,0.11565010713111623,0.19154981656047598,False,
14,A1,10,0.15348764742561347,0.08653167923737534,0.8,8,0.38827983058042465,0.3537316540631162,0.4406872541168978,0.38145403150244545,False,
15,A1,10,0.4280177269837679,0.3859271830136525,1.0,10,0.6267232224724937,0.2804907276214588,0.48955936313826676,0.3726003120690929,False,9
17,A1,10,0.21600669776958975,0.11509593212120596,0.8,8,0.25502507409451597,0.23291690148336153,0.25667139409479955,0.28419187324161865,False,
18,A1,10,0.18399347919117523,0.131899587362284,1.0,10,0.49214364153624623,0.3003688128746995,0.5287438831874136,0.3821385524766304,False,
19,A1,10,0.2395210633914329,0.1918130925761891,0.5,5,-0.01379690949104955,0.13553802525915606,0.09208254882419864,0.1548203763312044,False,
20,A1,5,0.016719060599160333,-0.01031859628694877,0.6,3,0.2762748165380933,0.3920803786455698,0.062050269408527106,0.410652244922333,False,
21,A1,8,0.08575545329574237,0.06694678670282699,0.875,7,0.1930523046467068,0.2796293678316869,0.09429705348851464,0.20721419632236926,False,
22,A1,10,0.6251811399214685,0.5369307839111312,1.0,10,-0.5364172986885842,0.28521183093319535,0.5249584281689734,0.39320682225927717,True,7
23,A1,10,0.18962361810322645,0.16250722291335837,0.6,6,0.12745919609711479,0.23127321143579563,0.14582266464958477,0.20731817433197314,False,
24,A1,9,0.016829492064991656,-0.0018803099824505883,0.5555555555555556,5,-0.20315013713379196,0.4244862736553555,0.18450401134783415,0.41051570675961624,False,
25,A1,5,0.04454646413681163,0.12690232330616874,0.8,4,0.2890594391451361,0.5656618365166639,0.5286092488448618,0.6363810327747735,False,
26,A1,10,0.038765397809367705,-0.006157809162257295,0.7,7,0.22969852384444986,0.45469362888381165,0.4007364585100849,0.47872967988684645,False,
27,A1,10,0.0735688448599803,0.06473001958288736,0.9,9,0.3479200105047263,0.36444502086162445,0.23435552403398863,0.3395376093107798,False,
28,A1,10,0.1173147612273898,0.07083847208496766,0.8,8,0.29477553362275666,0.3281483495707068,0.14321100126745834,0.4094366018436645,False,
29,A1,10,0.3808686314055749,0.23767237586776283,0.9,9,0.3616635080529461,0.3577068529073402,0.4151572544508245,0.37512038534589676,False,
30,A1,10,0.7347243497305582,0.4508297278668362,1.0,10,0.8744221748068522,0.24066196080809044,1.0,0.19602621876096127,True,1
31,A1,10,0.4177078326580658,0.3235211214093521,0.9,9,0.2922410929334064,0.2647778670229757,0.22895051435874614,0.18997147036421538,False,
32,A1,10,0.6526743412306112,0.4940491114720357,1.0,10,0.5472225285368503,0.1842046860440639,0.5264037108222315,0.16389880943202156,True,6
33,A2,7,-0.025738486179165736,-0.010915468058612572,0.8571428571428571,6,0.11973495058111584,0.10950899673467514,0.1727556737193438,0.12241789672643771,False,
34,A2,8,0.08495341445243997,0.022354532269655898,0.625,5,0.11235869661004655,0.3159341168251367,0.14987329049080012,0.2772884679619479,False,
36,A2,9,-0.050590963629233925,-0.01375851591787216,0.6666666666666666,6,-0.33951594015585174,0.476173847123199,0.5016753410573076,0.528537713808322,False,
37,A2,10,-0.0334278142692347,-0.005864841920943667,0.8,8,-0.30403383041381893,0.3477856912579436,0.224652032687287,0.34740283339276884,False,
38,A2,5,-0.006376850479322432,0.00464890627053549,0.6,3,-0.006725412550558382,0.5206287435319916,0.3847354396134107,0.4193406786325363,False,
39,A2,10,0.17876071466616,0.1244135684430123,0.8,8,-0.23419663090933618,0.6189907637842174,0.613174712590409,0.6590109727234543,False,
40,A2,10,0.08542921903509156,0.02454447592237207,0.7,7,0.23985669467415588,0.435210834241603,0.2051253888013884,0.4102507776027768,False,
41,A2,10,0.3911290371878486,0.2598982882529592,1.0,10,0.4470408930765373,0.25848377136174094,0.457684134438083,0.29413904774745725,False,
42,A2,10,0.016828878064706478,0.0033672421978725837,0.7,7,0.2677201507585608,0.5330695429247186,0.26152995599873896,0.7409316945492139,False,
43,A2,10,0.5363709063944322,0.3415328172527371,0.7,7,0.07541325577631716,0.4046887319052512,0.21071010732230425,0.29338880262049843,False,
44,A2,10,0.3098322836246738,0.061209549677506594,0.7,7,0.21724939473892974,0.735391934289909,0.8751581917443592,0.9260143006113458,False,
45,A2,8,0.22071970162186894,0.2045241433917573,1.0,8,0.26568530422715164,0.2909882022632865,0.18391212166128829,0.1537942896571807,False,
46,A2,10,0.04983049573975341,0.0330776302508703,0.9,9,-0.39720790745152684,0.48916577594910615,0.5406576583199595,0.5674611800435476,False,
47,A2,10,0.5811257946759691,0.4613749725407045,0.8,8,-0.5680716305132112,0.49158746430376193,0.7635717439944743,0.629991087847246,True,
48,A2,9,0.012845589957626215,0.022348864325307242,0.6666666666666666,6,-0.25123322866115333,0.5769447426355299,0.40790187662915933,0.5908196949205144,False,
49,A2,10,0.035026534940475806,0.02180282734374937,0.6,6,-0.050206140134091096,0.5426433303681025,0.2779739600402404,0.5576777011634522,False,
50,A2,8,-0.032981626680716906,-0.019922122148474337,0.75,6,0.4897238396247511,0.40871031918429224,0.607526077550391,0.5002214688765317,False,
51,A2,9,0.013726364564084164,0.016693018024964697,0.5555555555555556,5,0.1061572993462891,0.27356634551384196,0.16809172781139298,0.2837250374010768,False,
52,A2,9,0.2217614690485356,0.1900703633505665,0.7777777777777778,7,-0.5278267865489484,0.513817899574779,0.767615412348186,0.5122421403237526,False,
53,A2,10,0.06444959928164694,0.007723738414162522,0.7,7,-0.3071034999534201,0.4599486379156903,0.5603302378067111,0.544419141959107,False,
54,A2,8,-0.0012892981745394145,0.01664604172845773,0.875,7,0.10312141848553763,0.4541629021252871,0.25528729389796423,0.29329372003456555,False,
55,A2,10,-0.010650147463173717,-0.006347416624307416,0.6,6,0.28358717294081315,0.484272306068397,0.5644458942790329,0.5672379234228389,False,
56,A2,3,-0.05320019897533371,-0.0751716394869361,0.6666666666666666,2,-0.6164042719256955,0.462820924922999,0.8838944992562908,0.9185761827354952,False,
57,A2,10,0.018675445031610304,0.016755523345672364,0.7,7,0.060640763682908494,0.3234168091487089,0.08184100786751614,0.10302966682711749,False,
58,A2,10,-0.0022424908292334317,-0.0001526463060712874,0.7,7,-0.17652650156191202,0.3224452954898692,0.14086617598824885,0.2413991227426262,False,
59,A2,10,0.14898140246305366,0.09551713215003034,0.8,8,0.20372111468091245,0.17668356709264108,0.2048202054869185,0.22581861354071403,False,
60,A2,10,0.020596146803210376,0.01869414222225221,1.0,10,0.7046140952593051,0.3065804357303823,0.7795280829852316,0.4038459037306642,False,
61,A2,7,0.3635825631290428,0.2609850382461845,1.0,7,0.3987196331446378,0.39845438365631897,0.18987030773775854,0.39193491673536596,False,
62,A2,10,0.3849390385213627,0.16702282620255238,0.9,9,0.3750539630765575,0.5954801565307003,0.5884517662991097,0.7535662302791044,False,
63,A2,10,0.6030528189127609,0.5015603064625818,0.9,9,0.28790725434229375,0.17041749851960145,0.25075025072223683,0.1672052365414733,True,
64,A2,10,0.2026011601004384,0.11907541630609304,0.8,8,-0.35303438943772797,0.4219442762149254,0.4397673190324033,0.5132069533098842,False,
65,A3,9,0.3288168504125064,0.1960232982461638,0.8888888888888888,8,0.5051585724941161,0.34325515012409025,0.5350266160037512,0.41657316540625744,False,
66,A3,9,0.34327129274907353,0.15752172090642755,0.8888888888888888,8,-0.10855728067167097,0.2279828821937098,0.1934797034677568,0.17815936611002464,False,
67,A3,7,0.37627916391866134,0.2030835057382373,1.0,7,0.45766022427531744,0.31683675930977495,0.5205092019571347,0.37844625005954935,False,
68,A3,7,0.4272314628878703,0.3278389585987387,0.8571428571428571,6,0.21705739803223675,0.19151850423634595,0.24231145288524644,0.25341327637158256,False,
69,A3,10,0.3587881503927539,0.10522468170566407,0.6,6,0.0003918354387188128,0.5031182376444392,0.356658194786052,0.5345158743207538,False,
70,A3,10,0.3576188350473002,0.2540154907481287,1.0,10,0.546003831343505,0.31058420688736865,0.43652482076238136,0.3727431862242483,False,
71,A3,9,0.7061692787014281,0.572864043574212,0.7777777777777778,7,0.27622781634375376,0.5787103166275438,0.42074105220094704,0.5912855053299022,True,
72,A3,10,0.01105657883581241,-0.004206537649179697,0.7,7,0.07897842318966915,0.4557084421626544,0.16031234882772272,0.3618392392795223,False,
73,A3,9,0.005447486340305392,-0.0054304756075058,0.5555555555555556,5,0.021089638480695973,0.49120748996828667,0.06077125834089571,0.41911291742070145,False,
74,A3,10,-0.008559477714430276,0.012121914718646392,0.8,8,0.418038926125284,0.4876082390657078,0.17351969759917663,0.8187697570902177,False,
75,A3,10,0.023584493120239004,-0.0034290199395379407,0.8,8,0.3359797525117639,0.4417591318370434,0.24037173520493277,0.4739116441817761,False,
76,A3,10,0.380323607956627,0.17200090639791385,0.7,7,0.35468282770046566,0.5291672112743092,0.3491244875130337,0.672163966852113,False,
77,A3,10,0.16000826533850285,0.06758329171042361,0.7,7,0.37019348027973203,0.5033141770897727,0.4297577279229343,0.5487604539395956,False,
78,A3,10,0.2695121293400006,0.1340504513042701,0.6,6,-0.07406079888804365,0.5198084910816316,0.2401463814992441,0.49727067401845204,False,
79,A3,9,0.19353385190757588,0.019087782108792358,0.6666666666666666,6,0.3320003047698334,0.4263066516282501,0.20225978260113733,0.5000176486538528,False,
80,A3,10,0.21599988375856216,0.16237448228039994,0.9,9,0.4981410076422832,0.37106152119994745,0.38578085203511037,0.4287687506519207,False,
81,A3,10,0.1695438505607098,0.18033362851470153,0.9,9,0.3890849731338374,0.3454174498957237,0.30571118921705365,0.3936390168829873,False,
82,A3,10,0.4915860928512726,0.30523288619635663,0.8,8,0.3121792043450971,0.2752485397911619,0.34938629759377093,0.3356604724647149,False,
83,A3,9,0.02740904379457061,0.00939324965883995,0.5555555555555556,5,-0.06764957511768131,0.49596061706659295,0.18194211044403383,0.42845670085899523,False,
84,A3,10,0.0244060024941441,0.008849439397687323,0.8,8,0.33774506924607073,0.4201288880137678,0.2978667725255983,0.49158268042504155,False,
85,A3,10,0.7248247094265737,0.4558884858298645,1.0,10,0.5064439729623568,0.28005702151513484,0.5548435260283895,0.3106585798780721,True,5
86,A3,9,0.12282092897968136,0.01775879436714714,0.7777777777777778,7,0.10482518222273235,0.37064506716478574,0.1966915553981469,0.4454834767448066,False,
87,A3,10,0.33443093827302045,0.275911818567429,1.0,10,0.6602935576021488,0.23328646589524804,0.692675096902069,0.2812089626725065,False,3
88,A3,10,0.09421528845942514,0.03748321620275753,0.8,8,0.2927233560587542,0.4244643665607682,0.27377665427260245,0.5589725697406072,False,
89,A3,9,-0.03140541985861678,0.009705332184212125,0.6666666666666666,6,0.3455050882670827,0.373227603476559,0.36967259918284257,0.4480961166892313,False,
90,A3,9,0.054554364446840406,0.00914949888430365,0.5555555555555556,5,0.0680652173853913,0.14068075658741766,0.07722164640401379,0.16013587103660273,False,
91,A3,8,0.06248270790068945,0.03776157577281078,1.0,8,0.2780215539316921,0.2889462773334982,0.13670948307879502,0.21723996379265798,False,
92,A3,3,0.07846878663814742,0.0167269357735988,1.0,3,-0.5166575165023898,0.3654073188635118,0.4333175595753223,0.5666824404246777,False,
93,A3,10,0.11511976778782136,0.09123703018823928,0.9,9,0.36729858096874,0.359987013594927,0.17771144302719868,0.3559878011502058,False,
94,A3,9,0.10275776732880458,0.023549448035773222,0.7777777777777778,7,0.20226373583154045,0.6899116160083061,0.7857847596218889,0.8262452829467494,False,
95,A3,10,0.6929491560860175,0.5263028485949754,0.5,5,-0.2852962960049027,0.49094328206136584,0.21347824708704266,0.4988180399157296,False,
96,A3,7,-0.016591064682858772,0.053869486807672305,0.5714285714285714,4,-0.06843217853264914,0.4104520430558072,0.06408031861607988,0.33151901315052285,False,
97,A4,10,-0.007913583691629013,0.0016096409623623672,0.6,6,-0.13919889763693455,0.3638611906158372,0.18457292941333645,0.32593144283657666,False,
98,A4,10,0.1647267413458483,0.07833453763296287,0.5,5,-0.05999715909930671,0.3908816361352937,0.1430460347552268,0.37403207115664816,False,
99,A4,8,-0.0016072017623952979,0.01378557993630476,0.625,5,-0.14975924255675555,0.32511102362081984,0.06167307725604179,0.10337549304485982,False,
100,A4,10,0.014588467465230105,-0.00044237772053742837,0.8,8,0.2701265818976673,0.38590255654194155,0.19485037083396978,0.4588440900776646,False,
101,A4,10,0.01688457508553611,-0.0027911494879930923,0.6,6,0.09464302041297366,0.40776618676310133,0.12654892415319435,0.22563181116140885,False,
102,A4,9,-0.03397925512552105,0.0032539725031845526,0.5555555555555556,5,-0.0032378405630063296,0.4057772959531322,0.14726156830458548,0.3812154876883479,False,
103,A4,9,0.0037456014478749996,0.0010353262523015018,0.6666666666666666,6,-0.07398671849437514,0.42172921428966853,0.31765734635232035,0.4561638484789856,False,
104,A4,10,0.07412779823927762,0.01974343928193256,0.6,6,-0.1660225124463002,0.35870279066708616,0.1742396063036939,0.3389505605835987,False,
105,A4,9,0.314107197152131,0.24686404145868865,0.7777777777777778,7,-0.16678891552227967,0.2488130862787153,0.06975822851025212,0.15307256597543067,False,
106,A4,10,0.041906933321955726,-0.009531723913763777,0.5,5,-0.2722000630791389,0.6207235707600848,0.6101017394080435,0.7749279553027573,False,
107,A4,10,-0.019190300138141526,-0.0031031154247508482,0.5,5,0.03816213292346583,0.4261096429229233,0.2850729233314421,0.47822821927922177,False,
108,A4,10,-0.028889460435691152,-0.019931678064382088,0.5,5,0.04643275184491454,0.46078980567936695,0.30216546542412115,0.4918151989093269,False,
109,A4,10,-0.005619722728327796,0.02458049506312966,0.7,7,-0.07443625182548586,0.6948434856521452,0.6338918272004819,0.9042229592231662,False,
110,A4,10,0.0013925953822438103,0.0020746781089714273,0.6,6,0.00021265653156017777,0.656433935033641,0.36921432879656974,0.8919154196906623,False,
111,A4,10,-0.04705637875873129,-0.005697428722636305,0.6,6,-0.0493890870607188,0.40548172612193156,0.2131740810539971,0.3855848084345348,False,
112,A4,10,-0.02281611192944836,-0.0027790012402707604,0.6,6,0.12045638328529167,0.4559859117789364,0.14658126796860327,0.24192269532480257,False,
113,A4,5,0.019272154941567213,0.009865095207106152,0.8,4,-0.168294185291835,0.15880151360486391,0.10400046009347073,0.18906035364882295,False,
114,A4,10,0.11847297745339273,0.04173573471530144,0.7,7,-0.0828520953091366,0.34432390296097126,0.10453650132453722,0.25188593615844346,False,
115,A4,6,-0.017451343575853352,-0.0008129795147661663,0.6666666666666666,4,-0.08008221245371389,0.15806766177678475,0.12681674063173667,0.20323759296573207,False,
116,A4,9,0.04039788272632215,-0.002382047234185788,0.6666666666666666,6,-0.15856481166271127,0.5699989208173768,0.1755936944549571,0.7765462384647968,False,
117,A4,3,0.07866234693764561,0.009746232177421361,0.6666666666666666,2,-0.005511191454690122,0.6581339615708046,0.7468973860430039,0.9746185918906253,False,
118,A4,10,0.004836449218174539,-0.0011014704019766844,0.5,5,0.11800108262858885,0.32750131500865737,0.12623751596237642,0.22037071059297633,False,
119,A4,10,0.0417531255719346,0.017046688100147953,0.8,8,-0.10738925931213572,0.20063830310981795,0.20293718348126932,0.164033470028564,False,
120,A4,7,0.011829393025317162,0.00641518012065477,0.8571428571428571,6,-0.34964730886657447,0.32883104767564464,0.23205641205420713,0.35719341876610944,False,
121,A4,10,0.6208592108565034,0.5126898470464931,1.0,10,-0.4660344357676941,0.1888918389558421,0.46058731252696306,0.21303294613724036,True,10
122,A4,10,0.7423506872976879,0.6397108949750023,1.0,10,-0.7047143666061552,0.19713006864083973,0.6888476149257734,0.21814072827503783,True,4
123,A4,10,0.008235736936929068,0.00020622633994468262,0.8,8,-0.22854452011589327,0.5735790148412603,0.5539718596846517,0.5856245098491104,False,
124,A4,9,0.014487557747991804,0.0007843241900715541,0.6666666666666666,6,-0.17690784302563933,0.38468453435713923,0.16553958390153944,0.32729985915127924,False,
125,A4,10,-0.03143464874194032,-0.012373139890438999,0.6,6,0.15628407425911084,0.4636396064002425,0.1075398252479946,0.46158345201566076,False,
126,A4,10,0.0476878603237886,0.01828698019688285,0.7,7,-0.36643523998755406,0.4313926104696618,0.13504644700345697,0.4786033729607425,False,
127,A4,9,-0.02732580462427356,0.013811354089511894,0.6666666666666666,6,-0.07100485028604638,0.5188202050782015,0.19239502778521061,0.4766213751682637,False,
128,A4,7,0.012335645077579031,0.009465601435476095,1.0,7,-0.6151965450750045,0.3969283276416778,0.7780826828827578,0.6024598882436503,False,
129,A5,8,-0.006195852454522872,-0.0017871459352373378,0.75,6,-0.2596026556756973,0.6086303290137424,0.45211881534804443,0.6494146604710442,False,
130,A5,10,0.24947499406687593,0.20401436405506168,0.6,6,0.11331098641266771,0.5910056760331724,0.42951453543391593,0.715072337312282,False,
132,A5,9,-0.02174121580282215,0.0027244930509720267,0.5555555555555556,5,0.139109673978275,0.5015801658407235,0.11993488904939963,0.6457223373530458,False,
133,A5,10,0.08015771550671061,0.04527643128899575,0.6,6,-0.003054934672577847,0.5099545746381711,0.13292068848251673,0.49742458898397784,False,
134,A5,10,0.21391251011423817,0.16003577074038003,0.6,6,-0.1417195822908329,0.4188272777842622,0.15584719808678102,0.45211394348980605,False,
135,A5,10,0.06136334090249661,0.015304981384322696,1.0,10,-0.3733793101434769,0.2770247256592,0.3511649638796088,0.31988460971295546,False,
136,A5,10,0.10732322899226389,0.08496510870611185,0.6,6,-0.06531449409104177,0.6883720950288114,0.6025156184449573,0.7959077684132699,False,
137,A5,10,0.5056391787780149,0.40218824704078526,0.9,9,-0.30744444375327945,0.36987867063857244,0.17288135076953348,0.2865485772416505,True,
138,A5,10,0.34379750415337507,0.07900612394333803,0.8,8,-0.3308559218425374,0.5172569750673952,0.5168000248698172,0.6350001030896858,False,
139,A5,8,0.7603254063301259,0.697809606529844,1.0,8,-0.8715238773466375,0.13497375238088105,0.8979961100293565,0.136272885190871,True,2
140,A5,7,0.5719807116563914,0.34917755944221873,0.7142857142857143,5,0.226300581502234,0.3027054475122728,0.20460558573469365,0.3716238271858328,False,
141,A5,10,0.27484330430483844,0.22333836967331203,0.6,6,-0.07032910677419417,0.6592269420924964,0.3851699959829153,0.8495864949991729,False,
142,A5,10,0.3004814327552922,0.18860560945566146,0.8,8,-0.3831717799791702,0.444577890270196,0.3277739983175071,0.655362349591391,False,
143,A5,10,0.03742981390663444,0.011720868878641422,0.5,5,-0.10440448155103418,0.550068443202857,0.314005548195978,0.5759490822505912,False,
144,A5,9,-0.061437294043079495,-0.020890855200654274,0.5555555555555556,5,-0.09306813888744751,0.44473094952570547,0.09341043480962495,0.5301444660442203,False,
145,A5,10,0.04813956640744811,0.021845441401809954,0.7,7,-0.08027702957936127,0.15708974341416868,0.08152392822679169,0.10863225873918457,False,
146,A5,10,0.6114915255423035,0.53264723324399,1.0,10,-0.5245566334580427,0.29048421460931745,0.49438021309703084,0.3211445292595324,True,8
147,A5,10,0.42293745199217214,0.34030637089515653,0.7,7,0.352083046761877,0.5341522773625424,0.6363639248206653,0.6269002464363546,False,
148,A5,6,0.1868598063747062,0.23197708751709964,1.0,6,0.4589939979757817,0.30609143143133677,0.4432265044024011,0.3959589475956091,False,
149,A5,9,0.08732652523128753,0.024675817788096015,0.5555555555555556,5,0.05028063382624601,0.44468145885250426,0.21674570380710062,0.42507454145850054,False,
150,A5,10,-0.03059185728471722,-0.01685537133994639,0.5,5,0.022108482868888252,0.33474672683209905,0.07045330204440287,0.19634648978995356,False,
151,A5,10,-0.000716400690113916,0.0025903727439542017,0.8,8,-0.32560722014353355,0.45753929285050643,0.1658729268011524,0.39809617694555127,False,
152,A5,10,-0.023971861865722286,-0.012024533094595875,0.7,7,0.403560856923994,0.4879095222672262,0.4826280327435731,0.5211301147079865,False,
153,A5,10,0.4078410493712396,0.3782503156156251,1.0,10,0.24276633488537983,0.11791575257046764,0.24467403792751155,0.11165072468273202,False,
154,A5,7,0.025888328201992328,0.008309736180407291,0.7142857142857143,5,0.3178376912132551,0.40243581217536184,0.05406805888365967,0.427443933723878,False,
155,A5,9,0.00860573642430739,0.007687572415733447,0.6666666666666666,6,0.19929767033350812,0.6313267808501488,0.5692081449158257,0.7322170058355929,False,
156,A5,7,0.3055490978397386,0.11079628363726333,0.7142857142857143,5,-0.17423415758024113,0.5901897059402736,0.28700577336078437,0.7129942266392156,False,
157,A5,10,-0.03103004047810208,0.003475030550606769,0.5,5,-0.22592934542942406,0.4529075315882005,0.2198393129852294,0.4857181840054926,False,
158,A5,10,-0.035289786610994904,-0.033464941019795164,0.6,6,0.3168404186874494,0.47842629676316784,0.3204207838036669,0.5394085555584766,False,
159,A5,8,0.058214122766000395,0.005777799109684624,0.625,5,-0.029791126551626898,0.39699368216130887,0.1800877344547509,0.26679901122248767,False,
160,A5,10,0.009513016800362156,-0.020056106474602715,0.6,6,0.0754220668969759,0.7062438640990839,0.5714820719872482,0.9762348366535535,False,
