channel,array_name,n_sessions,median_pairwise_r,icc,sign_concordance,n_same_sign,si_mean,si_std,si_median_abs,si_pairwise_median_delta,task_evoked,n_sessions_task_evoked,stable
1,A1,9,0.013688653563865099,-0.00396446180609782,0.5555555555555556,5,0.04005853563118788,0.5098176124928472,0.3886249270485694,0.5381414736611593,False,3,False
2,A1,9,-5.883015460253667e-05,0.010077875265588556,0.7777777777777778,7,-0.40226252376433436,0.41265595192456195,0.4781482130704665,0.5145793871427562,False,7,False
3,A1,9,0.08927587846735348,0.0862827952997237,0.5555555555555556,5,0.11384522601462378,0.5786508713431681,0.3978064767250419,0.6492718939971038,False,4,False
4,A1,9,-0.054793131039793115,-0.009273071469009308,0.5555555555555556,5,0.15245340489310752,0.5411788824273984,0.26798503093246706,0.6198544241027925,False,6,False
5,A1,9,0.05717074787918858,0.013259862949852454,0.5555555555555556,5,-0.1324716017136284,0.5555021180596621,0.40288411390643175,0.6270353708156975,False,6,False
6,A1,9,0.07281425572594663,0.037795703476168827,0.6666666666666666,6,-0.10427933805534655,0.48473954312464823,0.1846800825351218,0.44702692096200247,False,3,False
7,A1,9,-0.044007072503158245,-0.03438623953775628,0.5555555555555556,5,0.09237717059512547,0.4833196829791419,0.19965753631607647,0.5741355222543452,False,2,False
8,A1,9,0.11493914966748453,0.06818241238008263,0.8888888888888888,8,-0.5401948270992635,0.3818132138426064,0.43647522706961694,0.4618783539357963,False,6,False
9,A1,9,-0.0276494394691495,0.0012077368582081042,0.6666666666666666,6,-0.2079404446106875,0.5785631293610694,0.4405222140567171,0.6481620326605588,False,1,False
10,A1,9,0.04057518345050387,0.04505508837553357,0.6666666666666666,6,-0.20645799356155262,0.5679597604894461,0.2960877382018616,0.6745829985456732,False,5,False
11,A1,9,0.03341892376670825,0.009325444026536352,0.5555555555555556,5,-0.33288556483952797,0.5232087784265255,0.3186726899300624,0.5257613218400481,False,1,False
12,A1,9,-0.036077970130634185,-0.020014610665293184,0.5555555555555556,5,-0.022901558354244914,0.6334948293417655,0.5973323620819202,0.7601612769903012,False,8,False
13,A1,9,0.03812021265018778,0.025120352416838087,0.5555555555555556,5,-0.20806055492456488,0.5554784310990234,0.30058327944594115,0.6675333017310707,False,5,False
14,A1,9,-0.011386901164988875,-0.0011599954468120967,0.5555555555555556,5,-0.17771163985587488,0.5434007000084651,0.35884178499433717,0.6284408365058173,False,3,False
15,A1,9,-0.010893535918070555,-0.008310530034098072,0.5555555555555556,5,0.2081916341842288,0.6448057779683498,0.6336683332547753,0.7739226978773401,False,0,False
16,A1,9,-0.0307908903701718,0.012369230381091877,0.5555555555555556,5,0.0009691540053258815,0.5163271832366135,0.20529285245348966,0.5521411772565465,False,7,False
17,A1,9,0.13912500046643195,0.07169916307005178,0.7777777777777778,7,-0.3440539226320897,0.4129495754727078,0.32515088608919884,0.5316435184094335,False,3,False
18,A1,9,0.021337944165724754,-0.008245021577381164,0.5555555555555556,5,-0.08265350426664286,0.5372286296438119,0.3706270119456318,0.5399987638136812,False,4,False
19,A1,9,0.3387664602632392,0.2128528009584959,0.5555555555555556,5,-0.02568254448347935,0.8486118001728552,1.0,1.0531579889298641,False,6,False
20,A1,9,0.3637669380462391,0.19959096349649058,0.6666666666666666,6,-0.4667761307575851,0.5401713823007321,0.8346870395118029,0.8152134943102671,True,9,False
21,A1,9,-0.0013735881802710598,0.00016168461658562077,0.6666666666666666,6,-0.3379779775768863,0.48480696843121446,0.5288520623873505,0.5248667813462138,False,2,False
22,A1,9,0.08276924611669603,0.059305154509909516,0.7777777777777778,7,-0.22057433117342992,0.45319695935428106,0.1182669815590646,0.46757224979887835,False,2,False
23,A1,9,-0.007189085801269391,-0.004972786508182741,0.7777777777777778,7,-0.1513779020095097,0.2000269432774115,0.09454168331237628,0.19602560520882495,False,5,False
24,A1,9,-0.052493278054567126,0.07084933895722297,0.6666666666666666,6,-0.45156695265918795,0.7337946714209918,0.9835758738270989,0.7796036280276777,False,8,False
25,A1,9,-0.04719597973121319,-0.036030850078660755,0.5555555555555556,5,0.11203657507892789,0.35675563074564287,0.24108989617550822,0.3235766378915462,False,1,False
26,A1,9,0.030993135978506167,0.03807876415408206,0.5555555555555556,5,0.24301126570467182,0.7873413063302129,1.0,1.0,False,5,False
27,A1,9,-0.015522782895759334,0.004826837264246749,0.6666666666666666,6,-0.1813405156886761,0.3713778295462407,0.27371425858637133,0.4277594793806303,False,1,False
28,A1,9,0.14675699004887754,0.04857953439632964,0.5555555555555556,5,-0.22700098048419268,0.5258409909931496,0.503908824008601,0.8019595953618788,True,9,False
29,A1,9,0.006633379494308265,0.014773442109532147,0.5555555555555556,5,-0.1597329817042688,0.6139251465934329,0.35215219971432454,0.7159360081942081,False,1,False
30,A1,9,-0.08122947764927263,-0.032403331161616936,0.5555555555555556,5,0.14989529261771117,0.41146329940112536,0.2523977098490415,0.46149750412442647,False,3,False
31,A1,9,-0.05072669445754811,-0.028064243971200505,0.6666666666666666,6,-0.16201230655830048,0.49351607309362466,0.31277205827409765,0.5421506863827705,False,6,False
32,A1,9,0.13406509599755964,0.04927886981520922,0.6666666666666666,6,0.387499087882073,0.699723083906047,0.9223825478650608,0.7452035107452782,False,8,False
33,A2,9,0.23549195512974586,0.153096732512901,0.7777777777777778,7,-0.4829061182746322,0.6558285040754479,1.0,0.7006451538129963,False,7,False
34,A2,9,0.06813274104852385,0.10211149652679502,0.5555555555555556,5,0.008448949513956052,0.6020364888297357,0.2993230394821115,0.8111279779162146,False,4,False
35,A2,9,0.022541896383947282,0.030212767994715502,0.6666666666666666,6,-0.035599370648681204,0.35923391455593534,0.16582211797272722,0.31702876976888744,False,0,False
36,A2,9,0.14905935345451837,0.11350131835031504,0.7777777777777778,7,0.15374203132858286,0.17576068871008432,0.12062205802881697,0.18837461875880335,False,8,False
37,A2,9,0.00854821011112572,0.018206186636044307,0.7777777777777778,7,-0.32435659332571487,0.4123992714815389,0.29955772064660574,0.5086068067580576,False,2,False
38,A2,9,0.001492572144824087,0.0010452808387262965,0.5555555555555556,5,0.07216937847382127,0.524095034731671,0.1665196898900345,0.6615952218651119,False,0,False
39,A2,9,0.06355898988590265,0.06953223327366893,0.7777777777777778,7,-0.2506771409998753,0.4220429402849193,0.3649320286452133,0.4887518375177758,False,6,False
40,A2,9,-0.0265411346688237,-0.01877330081048459,0.6666666666666666,6,0.09167925478347093,0.346765895812696,0.2003806354088628,0.3180510390749774,False,0,False
41,A2,9,0.13300258980618218,0.08389797196957417,0.5555555555555556,5,0.061283204435991036,0.18155675822112344,0.17524398371136315,0.21369509572156814,False,6,False
42,A2,9,0.14281946905271267,0.11222563458653187,0.6666666666666666,6,-0.16852265352138354,0.3370318016925446,0.07575079271242709,0.17466243002751392,False,0,False
43,A2,9,0.06498305061749977,0.13566946978075198,0.5555555555555556,5,0.08009367614729566,0.40448737920269695,0.17956038285869608,0.3255966173129962,False,4,False
44,A2,9,0.048623775558059315,0.04248175720647396,0.5555555555555556,5,0.08514564308720242,0.305658262406174,0.1773446474531501,0.2893312903105936,False,0,False
45,A2,9,0.04790135013766078,-0.0017609717085401322,0.6666666666666666,6,-0.3690994066105657,0.46296326873071153,0.20866075731330405,0.5636893973359779,False,1,False
46,A2,9,-0.0260846194983001,-0.027707783477461747,0.5555555555555556,5,-0.0021190875746774176,0.4448534336935412,0.1777067740849561,0.4628652047121155,False,0,False
47,A2,9,0.01963669210195324,0.0287894722818704,0.7777777777777778,7,-0.26404273455980753,0.45468041825091654,0.14254060789936887,0.5396434271759551,False,1,False
48,A2,9,0.027889194596960622,0.042643859587429556,0.5555555555555556,5,-0.05731149115226451,0.369360076176021,0.09084517577893864,0.26365630082162606,False,0,False
49,A2,9,0.18172430833586312,0.16604105316087922,1.0,9,-0.5357418905759386,0.32586803814198134,0.5507512043005826,0.35797377879739184,False,4,False
50,A2,9,0.10089849595364767,0.0769503839937296,0.5555555555555556,5,-0.24635427350194503,0.6038357292309702,0.38487607952825537,0.6877893401637544,False,2,False
51,A2,9,0.029825325731567404,0.017891539425435317,0.6666666666666666,6,-0.059628253181601094,0.6119215197815685,0.5864914109232227,0.6460731505153603,False,0,False
52,A2,9,0.0194990368466141,0.022765279563776716,0.5555555555555556,5,-0.10335854731127184,0.8146907651457798,0.8866704749301451,0.8902943925088156,False,5,False
53,A2,9,0.046140348052633076,0.07606007968029262,0.5555555555555556,5,-0.0157870194606181,0.598598766522649,0.4647348667607346,0.6717794660081436,False,1,False
54,A2,9,0.40972810172385354,0.36426816146942326,0.8888888888888888,8,0.4226952381555262,0.4074714270391697,0.2633922520976572,0.5741106802816038,True,9,False
55,A2,9,0.10194122719679155,0.05942020352667458,0.5555555555555556,5,-0.14383885195171103,0.7128872361146695,0.6537929320371916,0.8908858632875685,False,7,False
56,A2,9,0.05938521516074691,0.0737039664497802,0.7777777777777778,7,-0.18043426732480017,0.3531296728281877,0.19962674920082532,0.2870933171714426,False,6,False
57,A2,9,0.09172924570161625,0.06647957170057524,0.5555555555555556,5,-0.04856305380056684,0.49735510448906656,0.24916961469237708,0.48791094220839926,False,1,False
58,A2,9,0.017750283851337895,0.008238802716741808,0.6666666666666666,6,-0.18283375391051968,0.5515852146747382,0.42982667124871826,0.6279595673667937,False,0,False
59,A2,9,0.09367160445503026,0.09421695737841025,0.6666666666666666,6,-0.3851234200576663,0.4444697085470534,0.1844983953688882,0.5335026173136322,False,5,False
60,A2,9,-0.02719747993532353,-0.01933453597413583,0.5555555555555556,5,-0.10079175242949669,0.41815563834683755,0.11237792906206742,0.47374071234841864,False,0,False
61,A2,9,-0.06757018545314174,-0.01219368517877723,0.6666666666666666,6,-0.11433425478760698,0.383158905570978,0.10969110793092808,0.40019513054057776,False,0,False
62,A2,9,0.014433196987945646,0.03410558937417954,0.5555555555555556,5,0.17337040320899322,0.48959186345131045,0.10360565754496637,0.60725454251807,False,0,False
63,A2,9,0.09290204148926888,0.07058922212203589,1.0,9,-0.5639459732457424,0.36861882558994913,0.6142734326894616,0.40153197799823015,False,6,False
64,A2,9,0.05295710367041623,0.03990302401310234,0.5555555555555556,5,0.07590324805018261,0.3812076466514566,0.14694493898559172,0.30735745898750116,False,2,False
65,A3,9,-0.018839351440548005,-0.025773507030274877,0.5555555555555556,5,-0.08423791228406481,0.6069027924714584,0.5496462776434441,0.7313905042348876,False,2,False
66,A3,9,-0.032500454846382476,0.003679783334212504,0.5555555555555556,5,-0.013318773305656798,0.48034045577248585,0.10473845896917364,0.3956115334729322,False,1,False
67,A3,9,-0.01823269536965982,0.009607393484287678,0.6666666666666666,6,-0.013913316191586558,0.5296680664287962,0.13034236210067174,0.5866973092861608,False,0,False
68,A3,9,0.023239757377396114,0.011572611236612466,0.7777777777777778,7,-0.15706489835442342,0.31114596030067504,0.1078075869691148,0.13957866613609524,False,0,False
69,A3,9,0.03175729020831989,-0.012976269572952824,0.6666666666666666,6,0.18117655019638587,0.46061879551729756,0.085505435216795,0.5636014134040583,False,2,False
70,A3,9,-0.02764493706035264,-0.04302842623855925,0.6666666666666666,6,-0.06946309829509373,0.2105321377287103,0.10029179124655782,0.24292652524463293,False,0,False
71,A3,9,0.030419569437356297,0.03532095960197327,0.7777777777777778,7,-0.05567648274774949,0.11513130268454559,0.03458705718784132,0.07216076706077545,False,0,False
72,A3,9,-0.07362242702171512,-0.021745305428650507,0.6666666666666666,6,0.26727471138409603,0.43707042229349036,0.2614723267390324,0.42495468874311115,False,0,False
73,A3,9,0.10976511062580246,0.07671334878570951,0.5555555555555556,5,-0.00047833204878980736,0.2569937793432843,0.22004149410926305,0.28411097964438514,False,0,False
74,A3,9,0.038785465914578085,0.02584390869639869,0.5555555555555556,5,0.027814818253207824,0.1523046592839403,0.10821895530238489,0.17444665507560608,False,0,False
75,A3,9,0.023102293141504172,0.030598551867698883,0.5555555555555556,5,-0.10104364491524032,0.5941348613929618,0.2652794503737681,0.7347205496262319,False,1,False
76,A3,9,0.032020892414507014,0.006619978043312172,0.5555555555555556,5,0.058761141580048665,0.3793068762025447,0.10420336609885107,0.2951557092228651,False,0,False
77,A3,9,-0.012586871679789885,-0.004520279040133488,0.5555555555555556,5,-0.06438594549520721,0.5973070873617687,0.3017434504542052,0.7868512168309605,False,1,False
78,A3,9,0.032979451499903695,0.022700756145496236,0.5555555555555556,5,-0.08353875212990639,0.27689334317143327,0.05635007032248961,0.08742757209564825,False,0,False
79,A3,9,0.07711089771118892,0.05420771114011626,0.7777777777777778,7,-0.29659098535316214,0.32552897871814773,0.2554387229476232,0.3435430406724233,False,2,False
80,A3,9,0.03279626369683204,0.020024757826990144,0.5555555555555556,5,-0.009389792901800873,0.10934558814990639,0.06910080869697388,0.14177143581857116,False,0,False
81,A3,9,0.0055837666200978025,0.026784468492079584,0.6666666666666666,6,-0.17771365093628655,0.26632531025737605,0.16961364271109933,0.30992409513520364,False,4,False
82,A3,9,0.10441298654701209,0.0626855812617828,0.6666666666666666,6,-0.1293602913744657,0.21656960379260487,0.143999911721547,0.2529828174206775,False,0,False
83,A3,9,0.03147157046956929,0.01788792304694738,0.5555555555555556,5,0.0538814062886169,0.3683295021421037,0.049612547018128776,0.16111082153342887,False,0,False
84,A3,9,-0.014936035268111898,-0.0020848747666571106,0.6666666666666666,6,-0.03658200691847955,0.3518546505028151,0.088453441112314,0.13901132544716038,False,0,False
85,A3,9,-0.03742095568508207,-0.013721338951498699,0.6666666666666666,6,-0.16868342266729774,0.5234143313630124,0.5129620331924661,0.6260802879951478,False,0,False
86,A3,9,0.027270264985934822,0.03337828469404347,0.6666666666666666,6,0.13127178785829868,0.38704730696875006,0.106443675154876,0.27889783339138646,False,0,False
87,A3,9,-0.019392238596863804,-0.023325262806376812,0.8888888888888888,8,0.020527453962253455,0.3531833513816419,0.10443241673090349,0.08230790253832086,False,0,False
88,A3,9,-0.050403736109486494,0.0010462926858808333,0.6666666666666666,6,-0.0234797961678949,0.2376830570584389,0.13514040038051583,0.26703203881530047,False,0,False
89,A3,9,0.006027839037596431,0.03154018699369506,0.6666666666666666,6,0.29033370200499964,0.46118738024252554,0.08136350332114409,0.5157169611389667,False,0,False
90,A3,9,-0.002802155836211127,0.009267471191488581,0.6666666666666666,6,-0.052166258115994096,0.17808925291387318,0.128039104427095,0.18883666385674291,False,0,False
91,A3,9,-0.04690321509915884,-0.028231723619236784,0.5555555555555556,5,0.06201618760161171,0.43540516841600013,0.03339778484381161,0.3939323760373725,False,0,False
92,A3,9,0.015111817348381025,0.023141132943277163,0.6666666666666666,6,0.0074938112630148,0.40885787599920553,0.25980886373868356,0.43736728507091716,False,0,False
93,A3,9,-0.0064037653721593394,-0.027562036428469276,0.6666666666666666,6,0.20040625842279,0.2433639132506619,0.1390477154525747,0.3078219966467277,False,0,False
94,A3,9,-0.027073041880840622,-0.010285532782128709,0.6666666666666666,6,-0.051942462849666665,0.22730400028185682,0.1524110350286823,0.2527724328149285,False,0,False
95,A3,9,-0.03750375825641078,-0.0030023177976490722,0.8888888888888888,8,-0.25427617885728554,0.3171643178504865,0.08048790712965592,0.18387354548253637,False,0,False
96,A3,9,0.054865667567500206,0.020881360952865434,0.6666666666666666,6,0.013348265033962628,0.2221414457814823,0.2388756342497498,0.24070497134797,False,0,False
97,A4,9,-0.047230409313181135,0.08140589361556834,0.5555555555555556,5,0.09664255117577812,0.5750403017530633,0.5958266360934643,0.6838217655705867,False,6,False
98,A4,9,0.006449378431987986,0.041641201751652146,0.5555555555555556,5,-0.002602170182324127,0.6129222768122425,0.37084303692714427,0.6908851083709436,False,5,False
99,A4,9,-0.01971961187070155,0.17733407010868685,0.7777777777777778,7,-0.4504816246469106,0.523605258649991,0.5314322070191818,0.6303030643211738,False,6,False
100,A4,9,0.12686781325015478,0.10947933598605235,0.7777777777777778,7,0.20168370504904448,0.3397557472494627,0.19346176491845385,0.3097949336204091,False,5,False
101,A4,9,0.09094605761429303,0.13983295383202254,0.5555555555555556,5,-0.06448703082795583,0.18818233361117603,0.108380915109158,0.13620721265510366,False,5,False
102,A4,9,0.16637261558824717,0.18498166973284658,0.6666666666666666,6,0.07189115035413517,0.36758125619451676,0.08902104117814284,0.27086267377740014,False,6,False
103,A4,9,0.16449963974887272,0.18116797319421973,0.5555555555555556,5,-0.06971842302017253,0.28869671888980414,0.09452705036964283,0.217642823061575,False,8,False
104,A4,9,0.035077125203943765,0.08351664446324064,0.6666666666666666,6,0.12215841884744,0.511244127510698,0.26602065393137303,0.47270148223836855,False,5,False
105,A4,9,0.11139325020857309,0.07361119884994223,0.6666666666666666,6,0.03525900501987134,0.4158521212182214,0.1666405904680296,0.31413986795966514,False,5,False
106,A4,9,-0.00047568884303701015,0.017104174699212653,0.6666666666666666,6,-0.1761338450690523,0.32545207476162996,0.08909809417545762,0.21452919583170538,False,5,False
107,A4,9,0.04772677835063539,0.07262819571344545,0.5555555555555556,5,0.06742297216771119,0.4749156064570854,0.33229208284862854,0.5387193303244457,False,5,False
108,A4,9,0.009951108506745542,0.002611503730886602,0.8888888888888888,8,-0.2927258317246452,0.3925214198704657,0.04314653857199546,0.269815149548344,False,3,False
109,A4,9,0.06481574017970235,0.05740174681052129,0.8888888888888888,8,-0.47527331422701313,0.439601309767058,0.16130419752774888,0.7348824349312706,False,5,False
110,A4,9,-0.009675788677553317,0.03482139954942651,0.5555555555555556,5,-0.10192322123213858,0.5765233920308576,0.49015900631273684,0.6155094733217639,False,3,False
111,A4,9,0.048153929754348485,0.08641816527730185,0.6666666666666666,6,-0.08786441091626522,0.09350166241259598,0.09299659944884385,0.10636875857297529,False,5,False
112,A4,9,-0.03749664931587914,0.003626018111659204,0.5555555555555556,5,0.0794587825455389,0.371883878441969,0.07862022987938419,0.26870046439879036,False,5,False
113,A4,9,0.24253311965494856,0.2521229685899251,0.6666666666666666,6,0.14635271857773843,0.3853454707709195,0.25533978164993887,0.4093216755229813,False,7,False
114,A4,9,0.037990541015589435,0.05186794388011874,0.7777777777777778,7,-0.15151563819771457,0.2412886126317805,0.08905241550426062,0.1486053455489615,False,5,False
115,A4,9,0.06301152273286417,0.10797384256731483,0.5555555555555556,5,-0.10336904186663433,0.5125612826677354,0.32127080206586633,0.6087440888456856,False,7,False
116,A4,9,0.021564995544104217,0.08700437392323515,0.5555555555555556,5,-0.06896532917923283,0.39150537578252764,0.17350003339491663,0.4348313071513625,False,5,False
117,A4,9,0.14331820725130434,0.21082576447203388,0.8888888888888888,8,-0.24527088633476735,0.323563628064431,0.11545780317621636,0.14992554782498213,False,7,False
118,A4,9,0.007668632329379469,0.2743885748871637,0.7777777777777778,7,-0.41806212144825056,0.38611972519518056,0.3674618861197012,0.48147769626661957,False,5,False
119,A4,9,0.05353437807971626,0.16023150409013048,0.6666666666666666,6,-0.20512159268153557,0.5730446049240594,0.21339945197436955,0.7322945652300114,False,7,False
120,A4,9,0.1185412959659107,0.1633842743992588,0.5555555555555556,5,0.07251976479400321,0.3974538496492941,0.24671779410826802,0.3658809281066119,False,6,False
121,A4,9,0.04070660913063113,0.07900218997692035,0.5555555555555556,5,-0.19821431562070801,0.47173016999040024,0.18427130705734956,0.5392357269666266,False,5,False
122,A4,9,0.11837371161085658,0.17944258062663243,0.6666666666666666,6,-0.038289488928732934,0.24255561257644248,0.1724976669951474,0.2480670002865819,False,5,False
123,A4,9,-0.007330670461276471,0.0788193758670684,0.6666666666666666,6,-0.24151772400221422,0.361005892634284,0.13292675843915625,0.35607576738369606,False,5,False
124,A4,9,0.005947498313133864,0.020617292053595426,0.6666666666666666,6,0.021793766548488094,0.41656390213590994,0.22645331580171169,0.402852597709735,False,5,False
125,A4,9,0.06317470026055878,0.2078353608644046,0.5555555555555556,5,0.08261774103194887,0.5161030416880584,0.35337469183330694,0.5786245878067724,False,5,False
126,A4,9,0.09747031988792951,0.059106089649266516,0.5555555555555556,5,-0.28079400414516836,0.38565279393804774,0.11548545394321319,0.43922814860684134,False,5,False
127,A4,9,0.024796384391542112,0.11610136128006673,0.5555555555555556,5,0.13551002762025358,0.3553487125783856,0.2160748572440332,0.39931646812783295,False,5,False
128,A4,9,0.0845860510627954,0.06703511460058285,0.5555555555555556,5,-0.07214299153330654,0.39022005565419365,0.12414129971310113,0.4134077693191446,False,5,False
129,A5,8,-0.017205851595960202,-0.01817085030432084,0.625,5,-0.3614695319465079,0.4989568243456967,0.12857793072970697,0.8984974311409332,False,2,False
130,A5,8,-0.030917414109679298,-0.031989311280589836,0.875,7,-0.2684060905496623,0.35135320063358205,0.23193945068543018,0.37775329990815104,False,4,False
131,A5,8,0.07594451632098075,0.0665534116018757,0.75,6,-0.29334051706675796,0.41809557017077137,0.13248438472176716,0.249924318188387,False,3,False
132,A5,8,-0.02003505572030518,0.0032082014531407705,0.625,5,-0.27241034644865525,0.5033003895845455,0.3164844205790322,0.6139990500228041,False,4,False
133,A5,8,0.04097305629297595,0.04473969618883747,0.5,4,-0.11906714972410157,0.7998956310835332,0.8591035373581585,1.1907121936819696,False,6,False
134,A5,8,0.11100339657883847,0.06555273316138606,0.625,5,-0.12163156597162492,0.5783348336734133,0.4081752422022963,0.6015090275699817,False,5,False
135,A5,8,0.0660700096555136,0.06896896897020155,0.625,5,-0.3716420821062416,0.697875144590734,1.0,0.9862689128546124,False,7,False
136,A5,8,0.011681505080164023,0.030919945837963765,0.75,6,0.40975221592073646,0.5233880376627665,0.4426252931704399,0.6738500042987812,False,6,False
137,A5,8,-0.021332267253088948,-0.018299710928871307,0.625,5,-0.19960420060932482,0.4684770781314814,0.3813010187230952,0.5428792631175252,False,4,False
138,A5,8,0.027677349748984403,0.01860890951169553,0.875,7,-0.18901639473558995,0.5915531551557628,0.19374885443991102,0.8528387639788222,False,0,False
139,A5,8,0.04224306124578793,0.04903670251771062,0.625,5,-0.06382246551248937,0.18322504733300943,0.13943935094469756,0.21649018682188859,False,1,False
140,A5,8,0.043890483537926635,0.027722772649204034,0.75,6,-0.26138001802341926,0.37461450768913995,0.14298106623655932,0.2637502237319743,False,0,False
141,A5,8,0.05932095850475306,-0.03777517117026606,0.625,5,-0.1909313172563572,0.3733922542959348,0.03682079537373184,0.09406336804372403,False,4,False
142,A5,8,0.09271959236359216,0.041469736507908236,0.75,6,-0.0210775231484896,0.06797214920904915,0.050791058789821986,0.07008094626614521,False,4,False
143,A5,8,-0.006295431018355344,0.003704614505016373,0.625,5,-0.07200728630189472,0.3666201774695314,0.11073195382244887,0.18330364433537732,False,2,False
144,A5,8,0.03939173816066827,0.012626847226789839,0.75,6,-0.1623050489637919,0.3301358834692965,0.10190669442144426,0.14609274678234618,False,0,False
145,A5,8,0.1925824959901109,0.10808858172701473,0.625,5,0.08626087168539773,0.2173498451891597,0.16597282018887355,0.24771073283850228,False,6,False
146,A5,8,0.010451626262002576,0.02095005474569552,0.875,7,-0.3550305080277454,0.46667507000268177,0.30269628535970244,0.6033397885458157,False,2,False
147,A5,8,0.04250572547038899,0.053343790657590456,0.875,7,-0.1291661844874099,0.45490938903975275,0.32413188000026005,0.26850373461334043,False,4,False
148,A5,8,0.0053012588886012044,0.015311966190795957,0.875,7,-0.18101281795498944,0.3345500223907615,0.12466947709362369,0.21652629816540886,False,0,False
149,A5,8,-0.04402142054310113,-0.00972469307815433,0.5,4,0.056912376904816195,0.5407065555578385,0.32456978990063934,0.6423737878603184,False,1,False
150,A5,8,0.09173565374701617,0.06532848035401032,0.5,4,-0.07327009105262176,0.33099355644941414,0.15010446466305932,0.2699020084820115,False,2,False
151,A5,8,0.06015502610097964,0.06428393631011278,0.75,6,-0.1474157038248398,0.38067618086738586,0.16497813784236715,0.2173832517636874,False,3,False
152,A5,8,-0.010997767196236402,0.036978448120590826,0.5,4,-0.12899215113719525,0.3635621766962457,0.17788316487265607,0.24819215281885143,False,4,False
153,A5,8,-0.016519056355055985,-0.024548228528388488,0.875,7,-0.4736136265475639,0.43314556719995895,0.35643796495270774,0.5618503474011143,False,4,False
154,A5,8,0.13662054650430588,0.10146383177542725,0.75,6,-0.2453063422202689,0.6072929823597104,0.4374282980154437,0.6239984048306615,False,4,False
155,A5,8,0.09014942024384417,0.029149848842758192,0.5,4,-0.1283520286120468,0.5772495963716423,0.19251321423699744,0.8396494021467322,False,2,False
156,A5,8,-0.03267488545873665,-0.004924548311912401,0.875,7,0.08082652141798038,0.13765302698180462,0.029704078723865435,0.050000912960545166,False,1,False
157,A5,8,0.020994976305806306,0.015359332899139466,0.5,4,-0.23651363131538325,0.4968954526406715,0.256766647810342,0.5082297875594126,False,1,False
158,A5,8,0.07167294933804491,0.06225067000621641,1.0,8,-0.291596773565676,0.26428512759866546,0.18262817315973245,0.17270815211501084,False,1,False
159,A5,8,0.017157489927697847,0.025693233410920547,0.75,6,-0.1649266166784365,0.2625440793322514,0.10838867438815544,0.19038166401933465,False,2,False
160,A5,8,-0.0505139112079265,0.001798166064596734,0.5,4,0.0015462334763561153,0.47486904875516617,0.14784550229044566,0.5530274919023628,False,2,False
