channel,array_name,n_sessions,median_pairwise_r,icc,sign_concordance,n_same_sign,si_mean,si_std,stable
1,A1,10,0.00899835718598552,-0.01400272587483545,0.8,8,-0.3608485933700637,0.590230342716427,False
2,A1,10,0.16342959278146094,0.1586454533831039,0.6,6,-0.16165098718960572,0.5052141302482437,False
3,A1,10,0.01440429095512593,0.008293035001401628,0.7,7,-0.2741025729057374,0.6393665477989436,False
4,A1,10,0.22254027446195537,0.23909172854578295,0.7,7,0.4476944032281807,0.6083373936774085,False
5,A1,10,0.11927875684134058,0.072274284473616,0.9,9,-0.46106518628348514,0.3895813291832681,False
6,A1,10,0.07130774809190057,0.06645216938107079,0.8,8,-0.7593104530328727,0.43887960385365843,False
7,A1,10,0.12589174854405838,0.09931358864849174,0.8,8,-0.6139541256747434,0.5488887684327713,False
8,A1,10,0.2203506598061711,0.2814354341781994,1.0,10,-0.6630446374566058,0.352675977813027,False
9,A1,10,0.013942001825347335,-0.012987866353898389,0.7,7,-0.43254836969500615,0.5508951289380838,False
10,A1,10,0.2427105714158639,0.259978124947067,0.9,9,-0.6310115250097689,0.375745956794693,False
11,A1,10,0.03413149304026033,0.03557782457786247,0.6,6,-0.26560850854269275,0.6652866278725046,False
12,A1,10,-0.20307140262272125,-0.021612405305826744,0.6,6,0.22126247629451573,0.737896706329137,False
13,A1,10,0.005948288815347158,0.031848445121345,0.8,8,-0.2509640645597231,0.6382117795877341,False
14,A1,10,-0.006678295923195842,0.013785496282346982,0.8,8,-0.25192731239283883,0.3460036277989178,False
15,A1,10,-0.0481161794677608,-0.030440966098175513,0.5,5,0.06762466903548889,0.6041385425602125,False
16,A1,10,0.10191421532017837,0.08704728232797657,0.7,7,-0.22353272715360606,0.6071121472114113,False
17,A1,10,0.06564501773235702,0.07170480737905117,0.9,9,-0.5395281441373405,0.40635512767362586,False
18,A1,10,0.09065151471091652,0.02429110955914147,0.8,8,-0.33227576775822276,0.5594269687350403,False
19,A1,10,0.43411721659358543,0.4342577653791003,1.0,10,-0.46890592049674773,0.3712016293455372,False
20,A1,10,0.634509991612062,0.38066432223475966,0.7,7,-0.2465312874807776,0.36924542938060023,False
21,A1,10,0.04552349260173003,0.021127000677164425,1.0,10,-0.7235222535481187,0.31336886291441496,False
22,A1,10,-0.011081758651005452,0.0077811471126610875,0.8,8,-0.33312126437950185,0.518815137386716,False
23,A1,10,0.07968386273922626,0.037262275643439355,0.5,5,-0.30460339942538245,0.44802164731628197,False
24,A1,10,0.1467699883488208,0.1567229218265525,0.9,9,-0.4055370044374145,0.6200567829965046,False
25,A1,10,0.10729739507841433,0.07770745719765629,1.0,10,-0.5840504291671598,0.32782310567681705,False
26,A1,10,-0.01459269276933123,0.06449343424249379,0.5,5,0.10271035772193252,0.8937732081523411,False
27,A1,10,0.15411436784839638,0.09155656591294901,0.5,5,0.053967207913758884,0.8005943278255325,False
28,A1,10,0.228228420502461,0.12121329392590258,0.6,6,-0.38845625182740257,0.6885261808596038,False
29,A1,10,0.17527876023029274,0.10325600876469278,0.5,5,-0.20612545311106723,0.4736938644534439,False
30,A1,10,0.04653424183522759,0.02059249834254412,0.8,8,-0.29734834429642426,0.5093127067557967,False
31,A1,10,0.031502235382403036,0.013342492847873538,0.8,8,-0.25172751472105337,0.2835100917745286,False
32,A1,10,0.19070130818960565,0.10185100516519813,0.7,7,0.6008021472851827,0.5777464662661068,False
33,A2,10,0.12382382580388679,0.12566406063102892,0.9,9,-0.6097072922077688,0.42216076175324885,False
34,A2,10,0.10638284733188456,0.041573628086311765,0.5,5,-0.20610544823957616,0.37194320067054853,False
35,A2,10,-0.034383835415820775,-0.015861686721937576,0.7,7,-0.28443738811208785,0.6416966359913042,False
36,A2,10,0.13878836168094902,0.31225075146409326,0.8,8,0.10839558038904877,0.21249555767511505,False
37,A2,10,0.07812763386611817,0.08889553715063628,0.7,7,-0.25075279775319353,0.6285589837319532,False
38,A2,10,0.01486368975494181,0.004732958504380128,0.9,9,-0.4880558922805093,0.3566535437362047,False
39,A2,10,0.15841807182411213,0.18584684284194797,1.0,10,-0.27957465842896845,0.18974674962859825,False
40,A2,10,0.03644132616200984,0.00034332043860356263,0.9,9,-0.41027309944877716,0.6025776376112717,False
41,A2,10,0.19024545021903574,0.15042410109775975,0.5,5,-0.07489962707710882,0.5701411109279464,False
42,A2,10,0.12325580989212864,0.061110405008034406,0.5,5,0.013560082003731539,0.44196762861146205,False
43,A2,10,0.08753680262258222,0.2179359714452415,0.9,9,-0.4454494595859465,0.30256480443250044,False
44,A2,10,0.09583600650425879,0.031595988598777484,0.8,8,-0.3454353187650015,0.4869155840683266,False
45,A2,10,0.01666024349922747,-0.012847239047984722,0.5,5,-0.1133390888806078,0.7412599895550251,False
46,A2,10,0.11475138099926877,0.12104908251800937,0.9,9,-0.40901578546412665,0.46600502099598234,False
47,A2,10,0.09873510151693402,0.08139356426781184,0.7,7,-0.5273491401388923,0.48563504084531733,False
48,A2,10,-4.426699011979458e-05,0.012131062403796423,0.8,8,-0.3618249155482073,0.5489320877387659,False
49,A2,10,0.4193463455532473,0.25368182297014585,1.0,10,-0.7157326229350295,0.322305140690804,False
50,A2,10,0.09813395452798274,0.08658379577917477,0.6,6,0.1750591340198943,0.6288557050210568,False
51,A2,10,0.08039373726107511,0.01907453153311539,0.7,7,-0.39058976595707584,0.6911160832954681,False
52,A2,10,0.16805157307151966,0.1397811117778189,1.0,10,-0.505926463823315,0.27382965675469134,False
53,A2,10,-0.015177179632563726,0.0019421731392548064,0.8,8,-0.38384380741558904,0.625979093008429,False
54,A2,10,0.02842776224680381,0.12120027563328963,0.6,6,-0.2443936674955291,0.41369487380852454,False
55,A2,10,0.31587833291023787,0.2738207966977444,0.8,8,-0.31854029587815336,0.3349541351325159,False
56,A2,10,0.1089645147018035,0.1164536373597107,0.7,7,-0.22150226744363416,0.33179963825955683,False
57,A2,10,-0.025732044612474716,0.008712161359345136,0.7,7,-0.3206781570035142,0.6400454888014605,False
58,A2,10,-0.005500914198242161,0.008332399176601269,0.6,6,-0.13373785212589856,0.6862845657325245,False
59,A2,10,0.1423813945804588,0.141154160026362,0.7,7,-0.2854568621429892,0.46583582649336275,False
60,A2,10,-0.023494610649638724,0.014759534906494549,0.7,7,-0.21020556947240188,0.3820599881975991,False
61,A2,10,0.03646721170326471,0.04710857540722695,0.8,8,-0.30391680955603045,0.4267408921001548,False
62,A2,10,0.08632687843872337,0.053802375813110266,0.8,8,-0.34666932159003794,0.48326227331934885,False
63,A2,10,0.1907087727714979,0.12274150918541604,1.0,10,-0.6585737591419677,0.40544073714435663,False
64,A2,10,0.10452972351855855,0.10498527076143938,0.9,9,-0.45594990016081327,0.4338085610213935,False
65,A3,10,-0.013733996215554977,0.003869407852770581,0.5,5,-0.03123018484550783,0.5339486033135599,False
66,A3,10,-0.013850583472080943,0.010033672027439055,0.8,8,-0.3518657081308879,0.5948881135994887,False
67,A3,10,-0.014734146936405441,0.029834522937711837,0.7,7,-0.22169075444364222,0.30223523498817895,False
68,A3,10,-0.027895566501917102,-0.026114765089513024,0.6,6,0.0016545361440154338,0.388927629036785,False
69,A3,10,0.016366217367041046,0.03696223787649244,0.6,6,-0.26472108890374707,0.5819061363020368,False
70,A3,10,0.024427493336541276,0.027221569380427437,0.6,6,-0.23034445429714706,0.4271482159569606,False
71,A3,10,-0.00670429717174671,0.001638268312343132,0.8,8,0.2945135879016544,0.5523764981431475,False
72,A3,10,-0.018308136232022435,0.0027501852379325908,0.5,5,0.16075683519303047,0.6826516264641904,False
73,A3,10,-0.016429660856604102,-0.006903490270701632,0.9,9,-0.5429107921256066,0.3918698174139341,False
74,A3,10,0.04384835033177692,0.04591581277219904,0.8,8,-0.26540739698308324,0.468184455857055,False
75,A3,10,-0.009175025458050884,-0.011960631543248659,0.8,8,-0.5242891402672536,0.448309455375278,False
76,A3,10,0.06823100409090681,0.06896877267725092,0.9,9,-0.3708692747807524,0.466372963324319,False
77,A3,10,0.03204864699464107,0.0034564501034637925,0.6,6,-0.03262839516599649,0.659917693390199,False
78,A3,10,0.09006657430690113,0.050936679208174594,0.7,7,0.06949232970386768,0.5059955727106765,False
79,A3,10,-0.02212908805963043,-0.006626137446427748,0.7,7,-0.2936339123166513,0.6355087885727919,False
80,A3,10,0.007163198599152709,-0.003949308162227972,0.5,5,-0.08109376830346182,0.6625415291388086,False
81,A3,10,-0.034779056276359716,-0.017742504525287105,0.8,8,-0.4860388616063135,0.4374540464899067,False
82,A3,10,0.1174887134360356,0.01838245883305258,0.9,9,-0.349865596911313,0.4591900542028915,False
83,A3,10,0.18989127657270535,0.1337487967615456,0.6,6,-0.2121334233467433,0.4462621997219132,False
84,A3,10,-0.0018351974688608948,0.012298894921407684,0.7,7,-0.2685477568355354,0.5834916785492497,False
85,A3,10,0.0029669541356483506,-0.010715672234050703,0.7,7,-0.3344699753066949,0.6293062597214556,False
86,A3,10,-0.008180749086684924,0.008147936572199173,0.5,5,0.012477177221914682,0.5436156334486923,False
87,A3,10,-0.004568999652389543,-0.006558213271526554,0.6,6,-0.25695845304256093,0.609522427500377,False
88,A3,10,0.11150689066060725,0.10280329290858972,0.5,5,-0.24905682107695132,0.6894341448204592,False
89,A3,10,0.01564100227515431,-0.0033162313787190754,0.6,6,-0.04057289981628569,0.5663509727920543,False
90,A3,10,-0.012883057435709423,0.025645829650574208,0.6,6,0.10738113115967263,0.519124512007226,False
91,A3,10,-0.035175309508569744,-0.020559811612904738,0.7,7,-0.22822396620441493,0.39303847547915116,False
92,A3,10,0.03776601287691936,0.008870036012449614,0.9,9,-0.31980399189142444,0.5050787681442256,False
93,A3,10,0.04643896742666836,0.02486432371407615,0.5,5,-0.0001741227261396805,0.5682079269408179,False
94,A3,10,0.019181131881996768,-0.011795411721016438,0.8,8,-0.3589145917358104,0.7391885510423062,False
95,A3,10,0.029639663225582452,0.009563011200317646,0.7,7,-0.06633273897924921,0.6671453091924379,False
96,A3,10,0.03734463992389166,0.022358940645441236,0.6,6,-0.2204882792167588,0.6484369309974718,False
97,A4,10,0.05265203185491976,0.11739472491642411,0.7,7,0.2669651391125794,0.5110760644116892,False
98,A4,10,0.047101106925458866,0.12223563379684808,0.7,7,0.0078124114991964255,0.5793078115739817,False
99,A4,10,0.06844876999928654,0.2034794589454842,0.6,6,-0.0902458837543839,0.40620903396329766,False
100,A4,10,0.05609891716414033,0.06490424903181488,0.6,6,-0.13186712273851678,0.4364545696386638,False
101,A4,10,-0.08400730902370686,0.009231359847812122,0.5,5,-0.11896859818398324,0.5931117207270956,False
102,A4,10,0.009781964507400319,0.037213069350693614,0.6,6,-0.06652440118433352,0.3228089767206004,False
103,A4,10,0.1033116703262306,0.11382656381916985,0.5,5,0.045051948452913715,0.19354987085350733,False
104,A4,10,-0.055416107122989944,0.04784618049313666,0.8,8,-0.18783205233138744,0.30028246219288424,False
105,A4,10,0.027158928347481733,-0.012630187894235399,0.8,8,-0.33679768296665624,0.3366898883518472,False
106,A4,10,-0.03298584318798723,-0.01972482050323176,0.5,5,-0.07496815698500223,0.5001498818274185,False
107,A4,10,0.03706040863255152,0.030505202943416444,0.6,6,-0.028313006441247634,0.5302150746773038,False
108,A4,10,-0.06958312134307462,-0.025439964992340528,0.8,8,-0.1467567287610465,0.49493298064941105,False
109,A4,10,-0.02895259547326699,-0.008486373019300405,0.6,6,-0.007809696003427407,0.675149565730564,False
110,A4,10,-0.004734605979293081,-0.023173471833551337,0.7,7,-0.20297358578290922,0.3156340881308224,False
111,A4,10,-0.0005673800585060968,0.01180417696471497,0.7,7,-0.2301801507533972,0.5080666048680683,False
112,A4,10,0.005151697724193261,0.013286979628504336,0.7,7,-0.038551672180637785,0.5429963736208174,False
113,A4,10,0.46115948648711297,0.2711214508819776,0.6,6,0.12732350754759364,0.2497452002383498,False
114,A4,10,0.11412788020350562,0.01679241161285681,0.5,5,-0.0810640172599992,0.22222048703565594,False
115,A4,10,0.04858494812062864,0.12958732304514528,0.5,5,-0.07464915719402984,0.3269098807815213,False
116,A4,10,0.02918627183845488,0.0820973030704641,0.6,6,-0.0737168506615892,0.2365920725372914,False
117,A4,10,-0.07463916431696462,-0.015325384634859019,0.8,8,-0.15429558432455517,0.2980568123032014,False
118,A4,10,-0.038600883685064584,0.07900663594057748,0.6,6,-0.02974695285331541,0.5005298407960811,False
119,A4,10,-0.005411819480853605,-0.0081162572491857,0.6,6,-0.21916601413928674,0.42293994075173424,False
120,A4,10,-0.0178280383280723,0.00600975039170469,0.8,8,-0.26748770237462044,0.3797444622961956,False
121,A4,10,-0.07094914557765722,0.07845546487921796,0.8,8,-0.3926778949033037,0.34052004598643937,False
122,A4,10,0.006033098713134032,0.20084456149364788,0.9,9,-0.15564929476412748,0.5326434019972328,False
123,A4,10,-0.050892786614152336,0.12875590351379945,0.6,6,0.02421437357628362,0.26800941386625804,False
124,A4,10,0.0010547327186847277,0.1236940663283673,0.7,7,0.03673611749764309,0.12062726654263616,False
125,A4,10,0.06479480969271588,0.17592894602663964,0.8,8,-0.20398619549134075,0.5447636188331391,False
126,A4,10,-0.07921835097347593,0.0349011625330376,0.6,6,-0.040456033590898846,0.4847394903082012,False
127,A4,10,-0.05245786204205325,0.12429466739003953,0.7,7,0.18596563167263674,0.5068232426250568,False
128,A4,10,-0.05191871852514173,0.0121333487017171,0.6,6,-0.0329701974137365,0.638485090804299,False
129,A5,10,0.025062248545237874,0.011647756759016407,0.6,6,-0.17992042221173837,0.45260483250585304,False
130,A5,10,-0.006895757934897237,0.002401039497063508,0.7,7,-0.16611574254887806,0.5387796394453618,False
131,A5,10,0.05540454158064067,7.615388137264605e-06,0.6,6,-0.27814182151523936,0.4853259491724309,False
132,A5,10,-0.0357432927554596,-0.003622479747714636,0.7,7,-0.060675662737307755,0.4573341042468125,False
133,A5,10,0.03936406423046793,0.089675689496143,0.6,6,0.017734431669706886,0.5188964621948634,False
134,A5,10,0.03067592868089657,0.009019091259197951,0.6,6,-0.11656135011442333,0.5713590062296781,False
135,A5,10,0.1912402716279173,0.17404794875253934,0.8,8,-0.36746736991890283,0.36727506135646315,False
136,A5,10,0.23251424524489947,0.20773125965169473,0.6,6,0.06031620072302035,0.48078284362317625,False
137,A5,10,0.04752644897667466,0.02853860011767794,0.6,6,-0.12722024628736187,0.6561809508419131,False
138,A5,10,0.05682809205337118,0.07501556045897351,0.8,8,-0.5686632571452345,0.4534815192806959,False
139,A5,10,0.06212680751293278,0.03015597018839502,0.6,6,0.124409339066927,0.6260303268433881,False
140,A5,10,-0.006863488760640333,0.009236063835279628,0.5,5,-0.09505474130382485,0.6702593362755458,False
141,A5,10,-0.014511207531959192,-0.002732893369996431,0.6,6,-0.04370874295007009,0.6357233840565722,False
142,A5,10,0.03391568208700018,0.00548379879720577,0.5,5,-0.014654162931534797,0.6830530837756076,False
143,A5,10,0.07198464052022568,0.016715318381526637,0.6,6,-0.0305476859918462,0.6453283605177326,False
144,A5,10,0.02356855633028479,0.005152133523325602,0.7,7,-0.1656226943390146,0.837761619517128,False
145,A5,10,0.13624379514511642,0.20530289685915326,0.8,8,-0.3484723325899459,0.2621136156422431,False
146,A5,10,0.02803961087742619,0.03388186267451547,0.6,6,-0.18887670950192295,0.5501580598242107,False
147,A5,10,0.07004798259608223,0.047259974001581,0.7,7,-0.22577331730426226,0.47966450330108945,False
148,A5,10,0.001108084501606142,0.0004690371958357418,0.5,5,-0.056439613569470894,0.5879645228186681,False
149,A5,10,0.03259644137422198,0.01958872068074056,0.7,7,-0.11034581127077847,0.5306164312355172,False
150,A5,10,0.024400979883093015,0.019262688445470393,0.7,7,-0.15478783036240956,0.6724126988216972,False
151,A5,10,-0.023637181788605535,-0.026398601587939944,0.6,6,-0.1512216495596752,0.582855595947581,False
152,A5,10,0.05224223953134221,0.008681315254519206,0.6,6,-0.08053374870724382,0.625456039057127,False
153,A5,10,0.06310831481560114,0.03221029214886624,0.8,8,-0.18634187324186707,0.3975854450569872,False
154,A5,10,0.08007344125924816,0.027138367848506074,0.9,9,-0.4646564422533088,0.46932794939284056,False
155,A5,10,-0.009450445911881785,-0.0006211848255720984,0.7,7,-0.3160940315246828,0.6728448744000531,False
156,A5,10,-0.039091223608072045,0.012786206000662702,0.6,6,-0.03802135670023743,0.5590397540573717,False
157,A5,10,0.033931679331745394,0.021875392835136356,0.6,6,-0.1330269193609703,0.5975482324085984,False
158,A5,10,-0.07184289436240653,-0.009568863629528673,0.5,5,0.003352224518692709,0.6379198250312237,False
159,A5,10,0.05870634859321579,0.011665796071332462,0.8,8,-0.3470027488085058,0.47461938985839963,False
160,A5,10,0.03807427815284674,0.011619658251518304,0.7,7,-0.24074260251959761,0.5819374688246248,False
