n_channels,channel_ids,max_n_sessions,session_ids,coverage,min_pair_r
1,20,4,20210520T120659;20210708T131736;20210709T103307;20210716T103652,4,0.539193
2,20;28,3,20210604T143542;20210708T131736;20210709T103307,6,0.500668
3,20;28;54,3,20210708T131736;20210709T103307;20210716T103652,9,0.507661
4,20;28;54;19,2,20210416T105525;20210423T105645,8,0.507947
5,20;28;54;19;8,2,20210708T131736;20210709T103307,10,0.604147
6,20;28;54;19;8;145,1,20210401T124246,6,1.000000
7,20;28;54;19;8;145;103,1,20210401T124246,7,1.000000
8,20;28;54;19;8;145;103;128,1,20210401T124246,8,1.000000
9,20;28;54;19;8;145;103;128;119,1,20210401T124246,9,1.000000
10,20;28;54;19;8;145;103;128;119;63,1,20210401T124246,10,1.000000
11,20;28;54;19;8;145;103;128;119;63;50,1,20210401T124246,11,1.000000
12,20;28;54;19;8;145;103;128;119;63;50;24,1,20210401T124246,12,1.000000
13,20;28;54;19;8;145;103;128;119;63;50;24;33,1,20210401T124246,13,1.000000
14,20;28;54;19;8;145;103;128;119;63;50;24;33;49,1,20210401T124246,14,1.000000
15,20;28;54;19;8;145;103;128;119;63;50;24;33;49;133,1,20210401T124246,15,1.000000
16,20;28;54;19;8;145;103;128;119;63;50;24;33;49;133;142,1,20210401T124246,16,1.000000
17,20;28;54;19;8;145;103;128;119;63;50;24;33;49;133;142;59,1,20210401T124246,17,1.000000
18,20;28;54;19;8;145;103;128;119;63;50;24;33;49;133;142;59;56,1,20210401T124246,18,1.000000
19,20;28;54;19;8;145;103;128;119;63;50;24;33;49;133;142;59;56;113,1,20210401T124246,19,1.000000
20,20;28;54;19;8;145;103;128;119;63;50;24;33;49;133;142;59;56;113;41,1,20210401T124246,20,1.000000
21,20;28;54;19;8;145;103;128;119;63;50;24;33;49;133;142;59;56;113;41;125,1,20210401T124246,21,1.000000
22,20;28;54;19;8;145;103;128;119;63;50;24;33;49;133;142;59;56;113;41;125;6,1,20210401T124246,22,1.000000
23,20;28;54;19;8;145;103;128;119;63;50;24;33;49;133;142;59;56;113;41;125;6;146,1,20210401T124246,23,1.000000
24,20;28;54;19;8;145;103;128;119;63;50;24;33;49;133;142;59;56;113;41;125;6;146;115,1,20210401T124246,24,1.000000
25,20;28;54;19;8;145;103;128;119;63;50;24;33;49;133;142;59;56;113;41;125;6;146;115;10,1,20210401T124246,25,1.000000
26,20;28;54;19;8;145;103;128;119;63;50;24;33;49;133;142;59;56;113;41;125;6;146;115;10;13,1,20210401T124246,26,1.000000
27,20;28;54;19;8;145;103;128;119;63;50;24;33;49;133;142;59;56;113;41;125;6;146;115;10;13;99,1,20210401T124246,27,1.000000
28,20;28;54;19;8;145;103;128;119;63;50;24;33;49;133;142;59;56;113;41;125;6;146;115;10;13;99;151,1,20210401T124246,28,1.000000
29,20;28;54;19;8;145;103;128;119;63;50;24;33;49;133;142;59;56;113;41;125;6;146;115;10;13;99;151;94,1,20210401T124246,29,1.000000
30,20;28;54;19;8;145;103;128;119;63;50;24;33;49;133;142;59;56;113;41;125;6;146;115;10;13;99;151;94;112,1,20210401T124246,30,1.000000
31,20;28;54;19;8;145;103;128;119;63;50;24;33;49;133;142;59;56;113;41;125;6;146;115;10;13;99;151;94;112;126,1,20210401T124246,31,1.000000
32,20;28;54;19;8;145;103;128;119;63;50;24;33;49;133;142;59;56;113;41;125;6;146;115;10;13;99;151;94;112;126;4,1,20210401T124246,32,1.000000
33,20;28;54;19;8;145;103;128;119;63;50;24;33;49;133;142;59;56;113;41;125;6;146;115;10;13;99;151;94;112;126;4;137,1,20210401T124246,33,1.000000
34,20;28;54;19;8;145;103;128;119;63;50;24;33;49;133;142;59;56;113;41;125;6;146;115;10;13;99;151;94;112;126;4;137;111,1,20210401T124246,34,1.000000
35,20;28;54;19;8;145;103;128;119;63;50;24;33;49;133;142;59;56;113;41;125;6;146;115;10;13;99;151;94;112;126;4;137;111;93,1,20210401T124246,35,1.000000
36,20;28;54;19;8;145;103;128;119;63;50;24;33;49;133;142;59;56;113;41;125;6;146;115;10;13;99;151;94;112;126;4;137;111;93;47,1,20210401T124246,36,1.000000
37,20;28;54;19;8;145;103;128;119;63;50;24;33;49;133;142;59;56;113;41;125;6;146;115;10;13;99;151;94;112;126;4;137;111;93;47;154,1,20210401T124246,37,1.000000
38,20;28;54;19;8;145;103;128;119;63;50;24;33;49;133;142;59;56;113;41;125;6;146;115;10;13;99;151;94;112;126;4;137;111;93;47;154;23,1,20210401T124246,38,1.000000
39,20;28;54;19;8;145;103;128;119;63;50;24;33;49;133;142;59;56;113;41;125;6;146;115;10;13;99;151;94;112;126;4;137;111;93;47;154;23;104,1,20210401T124246,39,1.000000
40,20;28;54;19;8;145;103;128;119;63;50;24;33;49;133;142;59;56;113;41;125;6;146;115;10;13;99;151;94;112;126;4;137;111;93;47;154;23;104;110,1,20210401T124246,40,1.000000
41,20;28;54;19;8;145;103;128;119;63;50;24;33;49;133;142;59;56;113;41;125;6;146;115;10;13;99;151;94;112;126;4;137;111;93;47;154;23;104;110;135,1,20210401T124246,41,1.000000
42,20;28;54;19;8;145;103;128;119;63;50;24;33;49;133;142;59;56;113;41;125;6;146;115;10;13;99;151;94;112;126;4;137;111;93;47;154;23;104;110;135;78,1,20210401T124246,42,1.000000
43,20;28;54;19;8;145;103;128;119;63;50;24;33;49;133;142;59;56;113;41;125;6;146;115;10;13;99;151;94;112;126;4;137;111;93;47;154;23;104;110;135;78;32,1,20210401T124246,43,1.000000
44,20;28;54;19;8;145;103;128;119;63;50;24;33;49;133;142;59;56;113;41;125;6;146;115;10;13;99;151;94;112;126;4;137;111;93;47;154;23;104;110;135;78;32;30,1,20210401T124246,44,1.000000
45,20;28;54;19;8;145;103;128;119;63;50;24;33;49;133;142;59;56;113;41;125;6;146;115;10;13;99;151;94;112;126;4;137;111;93;47;154;23;104;110;135;78;32;30;138,1,20210401T124246,45,1.000000
46,20;28;54;19;8;145;103;128;119;63;50;24;33;49;133;142;59;56;113;41;125;6;146;115;10;13;99;151;94;112;126;4;137;111;93;47;154;23;104;110;135;78;32;30;138;101,1,20210401T124246,46,1.000000
47,20;28;54;19;8;145;103;128;119;63;50;24;33;49;133;142;59;56;113;41;125;6;146;115;10;13;99;151;94;112;126;4;137;111;93;47;154;23;104;110;135;78;32;30;138;101;122,1,20210401T124246,47,1.000000
48,20;28;54;19;8;145;103;128;119;63;50;24;33;49;133;142;59;56;113;41;125;6;146;115;10;13;99;151;94;112;126;4;137;111;93;47;154;23;104;110;135;78;32;30;138;101;122;95,1,20210401T124246,48,1.000000
49,20;28;54;19;8;145;103;128;119;63;50;24;33;49;133;142;59;56;113;41;125;6;146;115;10;13;99;151;94;112;126;4;137;111;93;47;154;23;104;110;135;78;32;30;138;101;122;95;3,1,20210401T124246,49,1.000000
50,20;28;54;19;8;145;103;128;119;63;50;24;33;49;133;142;59;56;113;41;125;6;146;115;10;13;99;151;94;112;126;4;137;111;93;47;154;23;104;110;135;78;32;30;138;101;122;95;3;127,1,20210401T124246,50,1.000000
51,20;28;54;19;8;145;103;128;119;63;50;24;33;49;133;142;59;56;113;41;125;6;146;115;10;13;99;151;94;112;126;4;137;111;93;47;154;23;104;110;135;78;32;30;138;101;122;95;3;127;26,1,20210401T124246,51,1.000000
52,20;28;54;19;8;145;103;128;119;63;50;24;33;49;133;142;59;56;113;41;125;6;146;115;10;13;99;151;94;112;126;4;137;111;93;47;154;23;104;110;135;78;32;30;138;101;122;95;3;127;26;9,1,20210401T124246,52,1.000000
53,20;28;54;19;8;145;103;128;119;63;50;24;33;49;133;142;59;56;113;41;125;6;146;115;10;13;99;151;94;112;126;4;137;111;93;47;154;23;104;110;135;78;32;30;138;101;122;95;3;127;26;9;123,1,20210401T124246,53,1.000000
54,20;28;54;19;8;145;103;128;119;63;50;24;33;49;133;142;59;56;113;41;125;6;146;115;10;13;99;151;94;112;126;4;137;111;93;47;154;23;104;110;135;78;32;30;138;101;122;95;3;127;26;9;123;108,1,20210401T124246,54,1.000000
55,20;28;54;19;8;145;103;128;119;63;50;24;33;49;133;142;59;56;113;41;125;6;146;115;10;13;99;151;94;112;126;4;137;111;93;47;154;23;104;110;135;78;32;30;138;101;122;95;3;127;26;9;123;108;83,1,20210401T124246,55,1.000000
56,20;28;54;19;8;145;103;128;119;63;50;24;33;49;133;142;59;56;113;41;125;6;146;115;10;13;99;151;94;112;126;4;137;111;93;47;154;23;104;110;135;78;32;30;138;101;122;95;3;127;26;9;123;108;83;29,1,20210401T124246,56,1.000000
57,20;28;54;19;8;145;103;128;119;63;50;24;33;49;133;142;59;56;113;41;125;6;146;115;10;13;99;151;94;112;126;4;137;111;93;47;154;23;104;110;135;78;32;30;138;101;122;95;3;127;26;9;123;108;83;29;106,1,20210401T124246,57,1.000000
58,20;28;54;19;8;145;103;128;119;63;50;24;33;49;133;142;59;56;113;41;125;6;146;115;10;13;99;151;94;112;126;4;137;111;93;47;154;23;104;110;135;78;32;30;138;101;122;95;3;127;26;9;123;108;83;29;106;25,1,20210401T124246,58,1.000000
59,20;28;54;19;8;145;103;128;119;63;50;24;33;49;133;142;59;56;113;41;125;6;146;115;10;13;99;151;94;112;126;4;137;111;93;47;154;23;104;110;135;78;32;30;138;101;122;95;3;127;26;9;123;108;83;29;106;25;120,1,20210401T124246,59,1.000000
60,20;28;54;19;8;145;103;128;119;63;50;24;33;49;133;142;59;56;113;41;125;6;146;115;10;13;99;151;94;112;126;4;137;111;93;47;154;23;104;110;135;78;32;30;138;101;122;95;3;127;26;9;123;108;83;29;106;25;120;86,1,20210401T124246,60,1.000000
61,20;28;54;19;8;145;103;128;119;63;50;24;33;49;133;142;59;56;113;41;125;6;146;115;10;13;99;151;94;112;126;4;137;111;93;47;154;23;104;110;135;78;32;30;138;101;122;95;3;127;26;9;123;108;83;29;106;25;120;86;45,1,20210401T124246,61,1.000000
62,20;28;54;19;8;145;103;128;119;63;50;24;33;49;133;142;59;56;113;41;125;6;146;115;10;13;99;151;94;112;126;4;137;111;93;47;154;23;104;110;135;78;32;30;138;101;122;95;3;127;26;9;123;108;83;29;106;25;120;86;45;144,1,20210401T124246,62,1.000000
63,20;28;54;19;8;145;103;128;119;63;50;24;33;49;133;142;59;56;113;41;125;6;146;115;10;13;99;151;94;112;126;4;137;111;93;47;154;23;104;110;135;78;32;30;138;101;122;95;3;127;26;9;123;108;83;29;106;25;120;86;45;144;160,1,20210401T124246,63,1.000000
64,20;28;54;19;8;145;103;128;119;63;50;24;33;49;133;142;59;56;113;41;125;6;146;115;10;13;99;151;94;112;126;4;137;111;93;47;154;23;104;110;135;78;32;30;138;101;122;95;3;127;26;9;123;108;83;29;106;25;120;86;45;144;160;116,1,20210401T124246,64,1.000000
65,20;28;54;19;8;145;103;128;119;63;50;24;33;49;133;142;59;56;113;41;125;6;146;115;10;13;99;151;94;112;126;4;137;111;93;47;154;23;104;110;135;78;32;30;138;101;122;95;3;127;26;9;123;108;83;29;106;25;120;86;45;144;160;116;12,1,20210401T124246,65,1.000000
66,20;28;54;19;8;145;103;128;119;63;50;24;33;49;133;142;59;56;113;41;125;6;146;115;10;13;99;151;94;112;126;4;137;111;93;47;154;23;104;110;135;78;32;30;138;101;122;95;3;127;26;9;123;108;83;29;106;25;120;86;45;144;160;116;12;147,1,20210401T124246,66,1.000000
67,20;28;54;19;8;145;103;128;119;63;50;24;33;49;133;142;59;56;113;41;125;6;146;115;10;13;99;151;94;112;126;4;137;111;93;47;154;23;104;110;135;78;32;30;138;101;122;95;3;127;26;9;123;108;83;29;106;25;120;86;45;144;160;116;12;147;34,1,20210401T124246,67,1.000000
68,20;28;54;19;8;145;103;128;119;63;50;24;33;49;133;142;59;56;113;41;125;6;146;115;10;13;99;151;94;112;126;4;137;111;93;47;154;23;104;110;135;78;32;30;138;101;122;95;3;127;26;9;123;108;83;29;106;25;120;86;45;144;160;116;12;147;34;96,1,20210401T124246,68,1.000000
69,20;28;54;19;8;145;103;128;119;63;50;24;33;49;133;142;59;56;113;41;125;6;146;115;10;13;99;151;94;112;126;4;137;111;93;47;154;23;104;110;135;78;32;30;138;101;122;95;3;127;26;9;123;108;83;29;106;25;120;86;45;144;160;116;12;147;34;96;77,1,20210401T124246,69,1.000000
70,20;28;54;19;8;145;103;128;119;63;50;24;33;49;133;142;59;56;113;41;125;6;146;115;10;13;99;151;94;112;126;4;137;111;93;47;154;23;104;110;135;78;32;30;138;101;122;95;3;127;26;9;123;108;83;29;106;25;120;86;45;144;160;116;12;147;34;96;77;121,1,20210401T124246,70,1.000000
71,20;28;54;19;8;145;103;128;119;63;50;24;33;49;133;142;59;56;113;41;125;6;146;115;10;13;99;151;94;112;126;4;137;111;93;47;154;23;104;110;135;78;32;30;138;101;122;95;3;127;26;9;123;108;83;29;106;25;120;86;45;144;160;116;12;147;34;96;77;121;7,1,20210401T124246,71,1.000000
72,20;28;54;19;8;145;103;128;119;63;50;24;33;49;133;142;59;56;113;41;125;6;146;115;10;13;99;151;94;112;126;4;137;111;93;47;154;23;104;110;135;78;32;30;138;101;122;95;3;127;26;9;123;108;83;29;106;25;120;86;45;144;160;116;12;147;34;96;77;121;7;42,1,20210401T124246,72,1.000000
73,20;28;54;19;8;145;103;128;119;63;50;24;33;49;133;142;59;56;113;41;125;6;146;115;10;13;99;151;94;112;126;4;137;111;93;47;154;23;104;110;135;78;32;30;138;101;122;95;3;127;26;9;123;108;83;29;106;25;120;86;45;144;160;116;12;147;34;96;77;121;7;42;102,1,20210401T124246,73,1.000000
74,20;28;54;19;8;145;103;128;119;63;50;24;33;49;133;142;59;56;113;41;125;6;146;115;10;13;99;151;94;112;126;4;137;111;93;47;154;23;104;110;135;78;32;30;138;101;122;95;3;127;26;9;123;108;83;29;106;25;120;86;45;144;160;116;12;147;34;96;77;121;7;42;102;98,1,20210401T124246,74,1.000000
75,20;28;54;19;8;145;103;128;119;63;50;24;33;49;133;142;59;56;113;41;125;6;146;115;10;13;99;151;94;112;126;4;137;111;93;47;154;23;104;110;135;78;32;30;138;101;122;95;3;127;26;9;123;108;83;29;106;25;120;86;45;144;160;116;12;147;34;96;77;121;7;42;102;98;97,1,20210401T124246,75,1.000000
76,20;28;54;19;8;145;103;128;119;63;50;24;33;49;133;142;59;56;113;41;125;6;146;115;10;13;99;151;94;112;126;4;137;111;93;47;154;23;104;110;135;78;32;30;138;101;122;95;3;127;26;9;123;108;83;29;106;25;120;86;45;144;160;116;12;147;34;96;77;121;7;42;102;98;97;79,1,20210401T124246,76,1.000000
77,20;28;54;19;8;145;103;128;119;63;50;24;33;49;133;142;59;56;113;41;125;6;146;115;10;13;99;151;94;112;126;4;137;111;93;47;154;23;104;110;135;78;32;30;138;101;122;95;3;127;26;9;123;108;83;29;106;25;120;86;45;144;160;116;12;147;34;96;77;121;7;42;102;98;97;79;118,1,20210401T124246,77,1.000000
78,20;28;54;19;8;145;103;128;119;63;50;24;33;49;133;142;59;56;113;41;125;6;146;115;10;13;99;151;94;112;126;4;137;111;93;47;154;23;104;110;135;78;32;30;138;101;122;95;3;127;26;9;123;108;83;29;106;25;120;86;45;144;160;116;12;147;34;96;77;121;7;42;102;98;97;79;118;85,1,20210401T124246,78,1.000000
79,20;28;54;19;8;145;103;128;119;63;50;24;33;49;133;142;59;56;113;41;125;6;146;115;10;13;99;151;94;112;126;4;137;111;93;47;154;23;104;110;135;78;32;30;138;101;122;95;3;127;26;9;123;108;83;29;106;25;120;86;45;144;160;116;12;147;34;96;77;121;7;42;102;98;97;79;118;85;132,1,20210401T124246,79,1.000000
80,20;28;54;19;8;145;103;128;119;63;50;24;33;49;133;142;59;56;113;41;125;6;146;115;10;13;99;151;94;112;126;4;137;111;93;47;154;23;104;110;135;78;32;30;138;101;122;95;3;127;26;9;123;108;83;29;106;25;120;86;45;144;160;116;12;147;34;96;77;121;7;42;102;98;97;79;118;85;132;39,1,20210401T124246,80,1.000000
81,20;28;54;19;8;145;103;128;119;63;50;24;33;49;133;142;59;56;113;41;125;6;146;115;10;13;99;151;94;112;126;4;137;111;93;47;154;23;104;110;135;78;32;30;138;101;122;95;3;127;26;9;123;108;83;29;106;25;120;86;45;144;160;116;12;147;34;96;77;121;7;42;102;98;97;79;118;85;132;39;48,1,20210401T124246,81,1.000000
82,20;28;54;19;8;145;103;128;119;63;50;24;33;49;133;142;59;56;113;41;125;6;146;115;10;13;99;151;94;112;126;4;137;111;93;47;154;23;104;110;135;78;32;30;138;101;122;95;3;127;26;9;123;108;83;29;106;25;120;86;45;144;160;116;12;147;34;96;77;121;7;42;102;98;97;79;118;85;132;39;48;66,1,20210401T124246,82,1.000000
83,20;28;54;19;8;145;103;128;119;63;50;24;33;49;133;142;59;56;113;41;125;6;146;115;10;13;99;151;94;112;126;4;137;111;93;47;154;23;104;110;135;78;32;30;138;101;122;95;3;127;26;9;123;108;83;29;106;25;120;86;45;144;160;116;12;147;34;96;77;121;7;42;102;98;97;79;118;85;132;39;48;66;153,1,20210401T124246,83,1.000000
84,20;28;54;19;8;145;103;128;119;63;50;24;33;49;133;142;59;56;113;41;125;6;146;115;10;13;99;151;94;112;126;4;137;111;93;47;154;23;104;110;135;78;32;30;138;101;122;95;3;127;26;9;123;108;83;29;106;25;120;86;45;144;160;116;12;147;34;96;77;121;7;42;102;98;97;79;118;85;132;39;48;66;153;2,1,20210401T124246,84,1.000000
85,20;28;54;19;8;145;103;128;119;63;50;24;33;49;133;142;59;56;113;41;125;6;146;115;10;13;99;151;94;112;126;4;137;111;93;47;154;23;104;110;135;78;32;30;138;101;122;95;3;127;26;9;123;108;83;29;106;25;120;86;45;144;160;116;12;147;34;96;77;121;7;42;102;98;97;79;118;85;132;39;48;66;153;2;158,1,20210401T124246,85,1.000000
86,20;28;54;19;8;145;103;128;119;63;50;24;33;49;133;142;59;56;113;41;125;6;146;115;10;13;99;151;94;112;126;4;137;111;93;47;154;23;104;110;135;78;32;30;138;101;122;95;3;127;26;9;123;108;83;29;106;25;120;86;45;144;160;116;12;147;34;96;77;121;7;42;102;98;97;79;118;85;132;39;48;66;153;2;158;152,1,20210401T124246,86,1.000000
87,20;28;54;19;8;145;103;128;119;63;50;24;33;49;133;142;59;56;113;41;125;6;146;115;10;13;99;151;94;112;126;4;137;111;93;47;154;23;104;110;135;78;32;30;138;101;122;95;3;127;26;9;123;108;83;29;106;25;120;86;45;144;160;116;12;147;34;96;77;121;7;42;102;98;97;79;118;85;132;39;48;66;153;2;158;152;69,1,20210401T124246,87,1.000000
88,20;28;54;19;8;145;103;128;119;63;50;24;33;49;133;142;59;56;113;41;125;6;146;115;10;13;99;151;94;112;126;4;137;111;93;47;154;23;104;110;135;78;32;30;138;101;122;95;3;127;26;9;123;108;83;29;106;25;120;86;45;144;160;116;12;147;34;96;77;121;7;42;102;98;97;79;118;85;132;39;48;66;153;2;158;152;69;18,1,20210401T124246,88,1.000000
89,20;28;54;19;8;145;103;128;119;63;50;24;33;49;133;142;59;56;113;41;125;6;146;115;10;13;99;151;94;112;126;4;137;111;93;47;154;23;104;110;135;78;32;30;138;101;122;95;3;127;26;9;123;108;83;29;106;25;120;86;45;144;160;116;12;147;34;96;77;121;7;42;102;98;97;79;118;85;132;39;48;66;153;2;158;152;69;18;5,1,20210401T124246,89,1.000000
90,20;28;54;19;8;145;103;128;119;63;50;24;33;49;133;142;59;56;113;41;125;6;146;115;10;13;99;151;94;112;126;4;137;111;93;47;154;23;104;110;135;78;32;30;138;101;122;95;3;127;26;9;123;108;83;29;106;25;120;86;45;144;160;116;12;147;34;96;77;121;7;42;102;98;97;79;118;85;132;39;48;66;153;2;158;152;69;18;5;140,1,20210401T124246,90,1.000000
91,20;28;54;19;8;145;103;128;119;63;50;24;33;49;133;142;59;56;113;41;125;6;146;115;10;13;99;151;94;112;126;4;137;111;93;47;154;23;104;110;135;78;32;30;138;101;122;95;3;127;26;9;123;108;83;29;106;25;120;86;45;144;160;116;12;147;34;96;77;121;7;42;102;98;97;79;118;85;132;39;48;66;153;2;158;152;69;18;5;140;46,1,20210401T124246,91,1.000000
92,20;28;54;19;8;145;103;128;119;63;50;24;33;49;133;142;59;56;113;41;125;6;146;115;10;13;99;151;94;112;126;4;137;111;93;47;154;23;104;110;135;78;32;30;138;101;122;95;3;127;26;9;123;108;83;29;106;25;120;86;45;144;160;116;12;147;34;96;77;121;7;42;102;98;97;79;118;85;132;39;48;66;153;2;158;152;69;18;5;140;46;37,1,20210401T124246,92,1.000000
93,20;28;54;19;8;145;103;128;119;63;50;24;33;49;133;142;59;56;113;41;125;6;146;115;10;13;99;151;94;112;126;4;137;111;93;47;154;23;104;110;135;78;32;30;138;101;122;95;3;127;26;9;123;108;83;29;106;25;120;86;45;144;160;116;12;147;34;96;77;121;7;42;102;98;97;79;118;85;132;39;48;66;153;2;158;152;69;18;5;140;46;37;117,1,20210401T124246,93,1.000000
94,20;28;54;19;8;145;103;128;119;63;50;24;33;49;133;142;59;56;113;41;125;6;146;115;10;13;99;151;94;112;126;4;137;111;93;47;154;23;104;110;135;78;32;30;138;101;122;95;3;127;26;9;123;108;83;29;106;25;120;86;45;144;160;116;12;147;34;96;77;121;7;42;102;98;97;79;118;85;132;39;48;66;153;2;158;152;69;18;5;140;46;37;117;107,1,20210401T124246,94,1.000000
95,20;28;54;19;8;145;103;128;119;63;50;24;33;49;133;142;59;56;113;41;125;6;146;115;10;13;99;151;94;112;126;4;137;111;93;47;154;23;104;110;135;78;32;30;138;101;122;95;3;127;26;9;123;108;83;29;106;25;120;86;45;144;160;116;12;147;34;96;77;121;7;42;102;98;97;79;118;85;132;39;48;66;153;2;158;152;69;18;5;140;46;37;117;107;90,1,20210401T124246,95,1.000000
96,20;28;54;19;8;145;103;128;119;63;50;24;33;49;133;142;59;56;113;41;125;6;146;115;10;13;99;151;94;112;126;4;137;111;93;47;154;23;104;110;135;78;32;30;138;101;122;95;3;127;26;9;123;108;83;29;106;25;120;86;45;144;160;116;12;147;34;96;77;121;7;42;102;98;97;79;118;85;132;39;48;66;153;2;158;152;69;18;5;140;46;37;117;107;90;64,1,20210401T124246,96,1.000000
97,20;28;54;19;8;145;103;128;119;63;50;24;33;49;133;142;59;56;113;41;125;6;146;115;10;13;99;151;94;112;126;4;137;111;93;47;154;23;104;110;135;78;32;30;138;101;122;95;3;127;26;9;123;108;83;29;106;25;120;86;45;144;160;116;12;147;34;96;77;121;7;42;102;98;97;79;118;85;132;39;48;66;153;2;158;152;69;18;5;140;46;37;117;107;90;64;84,1,20210401T124246,97,1.000000
98,20;28;54;19;8;145;103;128;119;63;50;24;33;49;133;142;59;56;113;41;125;6;146;115;10;13;99;151;94;112;126;4;137;111;93;47;154;23;104;110;135;78;32;30;138;101;122;95;3;127;26;9;123;108;83;29;106;25;120;86;45;144;160;116;12;147;34;96;77;121;7;42;102;98;97;79;118;85;132;39;48;66;153;2;158;152;69;18;5;140;46;37;117;107;90;64;84;38,1,20210401T124246,98,1.000000
99,20;28;54;19;8;145;103;128;119;63;50;24;33;49;133;142;59;56;113;41;125;6;146;115;10;13;99;151;94;112;126;4;137;111;93;47;154;23;104;110;135;78;32;30;138;101;122;95;3;127;26;9;123;108;83;29;106;25;120;86;45;144;160;116;12;147;34;96;77;121;7;42;102;98;97;79;118;85;132;39;48;66;153;2;158;152;69;18;5;140;46;37;117;107;90;64;84;38;82,1,20210401T124246,99,1.000000
100,20;28;54;19;8;145;103;128;119;63;50;24;33;49;133;142;59;56;113;41;125;6;146;115;10;13;99;151;94;112;126;4;137;111;93;47;154;23;104;110;135;78;32;30;138;101;122;95;3;127;26;9;123;108;83;29;106;25;120;86;45;144;160;116;12;147;34;96;77;121;7;42;102;98;97;79;118;85;132;39;48;66;153;2;158;152;69;18;5;140;46;37;117;107;90;64;84;38;82;143,1,20210401T124246,100,1.000000
101,20;28;54;19;8;145;103;128;119;63;50;24;33;49;133;142;59;56;113;41;125;6;146;115;10;13;99;151;94;112;126;4;137;111;93;47;154;23;104;110;135;78;32;30;138;101;122;95;3;127;26;9;123;108;83;29;106;25;120;86;45;144;160;116;12;147;34;96;77;121;7;42;102;98;97;79;118;85;132;39;48;66;153;2;158;152;69;18;5;140;46;37;117;107;90;64;84;38;82;143;58,1,20210401T124246,101,1.000000
102,20;28;54;19;8;145;103;128;119;63;50;24;33;49;133;142;59;56;113;41;125;6;146;115;10;13;99;151;94;112;126;4;137;111;93;47;154;23;104;110;135;78;32;30;138;101;122;95;3;127;26;9;123;108;83;29;106;25;120;86;45;144;160;116;12;147;34;96;77;121;7;42;102;98;97;79;118;85;132;39;48;66;153;2;158;152;69;18;5;140;46;37;117;107;90;64;84;38;82;143;58;88,1,20210401T124246,102,1.000000
103,20;28;54;19;8;145;103;128;119;63;50;24;33;49;133;142;59;56;113;41;125;6;146;115;10;13;99;151;94;112;126;4;137;111;93;47;154;23;104;110;135;78;32;30;138;101;122;95;3;127;26;9;123;108;83;29;106;25;120;86;45;144;160;116;12;147;34;96;77;121;7;42;102;98;97;79;118;85;132;39;48;66;153;2;158;152;69;18;5;140;46;37;117;107;90;64;84;38;82;143;58;88;156,1,20210401T124246,103,1.000000
104,20;28;54;19;8;145;103;128;119;63;50;24;33;49;133;142;59;56;113;41;125;6;146;115;10;13;99;151;94;112;126;4;137;111;93;47;154;23;104;110;135;78;32;30;138;101;122;95;3;127;26;9;123;108;83;29;106;25;120;86;45;144;160;116;12;147;34;96;77;121;7;42;102;98;97;79;118;85;132;39;48;66;153;2;158;152;69;18;5;140;46;37;117;107;90;64;84;38;82;143;58;88;156;129,1,20210401T124246,104,1.000000
105,20;28;54;19;8;145;103;128;119;63;50;24;33;49;133;142;59;56;113;41;125;6;146;115;10;13;99;151;94;112;126;4;137;111;93;47;154;23;104;110;135;78;32;30;138;101;122;95;3;127;26;9;123;108;83;29;106;25;120;86;45;144;160;116;12;147;34;96;77;121;7;42;102;98;97;79;118;85;132;39;48;66;153;2;158;152;69;18;5;140;46;37;117;107;90;64;84;38;82;143;58;88;156;129;89,1,20210401T124246,105,1.000000
106,20;28;54;19;8;145;103;128;119;63;50;24;33;49;133;142;59;56;113;41;125;6;146;115;10;13;99;151;94;112;126;4;137;111;93;47;154;23;104;110;135;78;32;30;138;101;122;95;3;127;26;9;123;108;83;29;106;25;120;86;45;144;160;116;12;147;34;96;77;121;7;42;102;98;97;79;118;85;132;39;48;66;153;2;158;152;69;18;5;140;46;37;117;107;90;64;84;38;82;143;58;88;156;129;89;76,1,20210401T124246,106,1.000000
107,20;28;54;19;8;145;103;128;119;63;50;24;33;49;133;142;59;56;113;41;125;6;146;115;10;13;99;151;94;112;126;4;137;111;93;47;154;23;104;110;135;78;32;30;138;101;122;95;3;127;26;9;123;108;83;29;106;25;120;86;45;144;160;116;12;147;34;96;77;121;7;42;102;98;97;79;118;85;132;39;48;66;153;2;158;152;69;18;5;140;46;37;117;107;90;64;84;38;82;143;58;88;156;129;89;76;14,1,20210401T124246,107,1.000000
108,20;28;54;19;8;145;103;128;119;63;50;24;33;49;133;142;59;56;113;41;125;6;146;115;10;13;99;151;94;112;126;4;137;111;93;47;154;23;104;110;135;78;32;30;138;101;122;95;3;127;26;9;123;108;83;29;106;25;120;86;45;144;160;116;12;147;34;96;77;121;7;42;102;98;97;79;118;85;132;39;48;66;153;2;158;152;69;18;5;140;46;37;117;107;90;64;84;38;82;143;58;88;156;129;89;76;14;134,1,20210401T124246,108,1.000000
109,20;28;54;19;8;145;103;128;119;63;50;24;33;49;133;142;59;56;113;41;125;6;146;115;10;13;99;151;94;112;126;4;137;111;93;47;154;23;104;110;135;78;32;30;138;101;122;95;3;127;26;9;123;108;83;29;106;25;120;86;45;144;160;116;12;147;34;96;77;121;7;42;102;98;97;79;118;85;132;39;48;66;153;2;158;152;69;18;5;140;46;37;117;107;90;64;84;38;82;143;58;88;156;129;89;76;14;134;70,1,20210401T124246,109,1.000000
110,20;28;54;19;8;145;103;128;119;63;50;24;33;49;133;142;59;56;113;41;125;6;146;115;10;13;99;151;94;112;126;4;137;111;93;47;154;23;104;110;135;78;32;30;138;101;122;95;3;127;26;9;123;108;83;29;106;25;120;86;45;144;160;116;12;147;34;96;77;121;7;42;102;98;97;79;118;85;132;39;48;66;153;2;158;152;69;18;5;140;46;37;117;107;90;64;84;38;82;143;58;88;156;129;89;76;14;134;70;53,1,20210401T124246,110,1.000000
111,20;28;54;19;8;145;103;128;119;63;50;24;33;49;133;142;59;56;113;41;125;6;146;115;10;13;99;151;94;112;126;4;137;111;93;47;154;23;104;110;135;78;32;30;138;101;122;95;3;127;26;9;123;108;83;29;106;25;120;86;45;144;160;116;12;147;34;96;77;121;7;42;102;98;97;79;118;85;132;39;48;66;153;2;158;152;69;18;5;140;46;37;117;107;90;64;84;38;82;143;58;88;156;129;89;76;14;134;70;53;68,1,20210401T124246,111,1.000000
112,20;28;54;19;8;145;103;128;119;63;50;24;33;49;133;142;59;56;113;41;125;6;146;115;10;13;99;151;94;112;126;4;137;111;93;47;154;23;104;110;135;78;32;30;138;101;122;95;3;127;26;9;123;108;83;29;106;25;120;86;45;144;160;116;12;147;34;96;77;121;7;42;102;98;97;79;118;85;132;39;48;66;153;2;158;152;69;18;5;140;46;37;117;107;90;64;84;38;82;143;58;88;156;129;89;76;14;134;70;53;68;1,1,20210401T124246,112,1.000000
113,20;28;54;19;8;145;103;128;119;63;50;24;33;49;133;142;59;56;113;41;125;6;146;115;10;13;99;151;94;112;126;4;137;111;93;47;154;23;104;110;135;78;32;30;138;101;122;95;3;127;26;9;123;108;83;29;106;25;120;86;45;144;160;116;12;147;34;96;77;121;7;42;102;98;97;79;118;85;132;39;48;66;153;2;158;152;69;18;5;140;46;37;117;107;90;64;84;38;82;143;58;88;156;129;89;76;14;134;70;53;68;1;36,1,20210401T124246,113,1.000000
114,20;28;54;19;8;145;103;128;119;63;50;24;33;49;133;142;59;56;113;41;125;6;146;115;10;13;99;151;94;112;126;4;137;111;93;47;154;23;104;110;135;78;32;30;138;101;122;95;3;127;26;9;123;108;83;29;106;25;120;86;45;144;160;116;12;147;34;96;77;121;7;42;102;98;97;79;118;85;132;39;48;66;153;2;158;152;69;18;5;140;46;37;117;107;90;64;84;38;82;143;58;88;156;129;89;76;14;134;70;53;68;1;36;109,1,20210401T124246,114,1.000000
115,20;28;54;19;8;145;103;128;119;63;50;24;33;49;133;142;59;56;113;41;125;6;146;115;10;13;99;151;94;112;126;4;137;111;93;47;154;23;104;110;135;78;32;30;138;101;122;95;3;127;26;9;123;108;83;29;106;25;120;86;45;144;160;116;12;147;34;96;77;121;7;42;102;98;97;79;118;85;132;39;48;66;153;2;158;152;69;18;5;140;46;37;117;107;90;64;84;38;82;143;58;88;156;129;89;76;14;134;70;53;68;1;36;109;11,1,20210401T124246,115,1.000000
116,20;28;54;19;8;145;103;128;119;63;50;24;33;49;133;142;59;56;113;41;125;6;146;115;10;13;99;151;94;112;126;4;137;111;93;47;154;23;104;110;135;78;32;30;138;101;122;95;3;127;26;9;123;108;83;29;106;25;120;86;45;144;160;116;12;147;34;96;77;121;7;42;102;98;97;79;118;85;132;39;48;66;153;2;158;152;69;18;5;140;46;37;117;107;90;64;84;38;82;143;58;88;156;129;89;76;14;134;70;53;68;1;36;109;11;27,1,20210401T124246,116,1.000000
117,20;28;54;19;8;145;103;128;119;63;50;24;33;49;133;142;59;56;113;41;125;6;146;115;10;13;99;151;94;112;126;4;137;111;93;47;154;23;104;110;135;78;32;30;138;101;122;95;3;127;26;9;123;108;83;29;106;25;120;86;45;144;160;116;12;147;34;96;77;121;7;42;102;98;97;79;118;85;132;39;48;66;153;2;158;152;69;18;5;140;46;37;117;107;90;64;84;38;82;143;58;88;156;129;89;76;14;134;70;53;68;1;36;109;11;27;15,1,20210401T124246,117,1.000000
118,20;28;54;19;8;145;103;128;119;63;50;24;33;49;133;142;59;56;113;41;125;6;146;115;10;13;99;151;94;112;126;4;137;111;93;47;154;23;104;110;135;78;32;30;138;101;122;95;3;127;26;9;123;108;83;29;106;25;120;86;45;144;160;116;12;147;34;96;77;121;7;42;102;98;97;79;118;85;132;39;48;66;153;2;158;152;69;18;5;140;46;37;117;107;90;64;84;38;82;143;58;88;156;129;89;76;14;134;70;53;68;1;36;109;11;27;15;74,1,20210401T124246,118,1.000000
119,20;28;54;19;8;145;103;128;119;63;50;24;33;49;133;142;59;56;113;41;125;6;146;115;10;13;99;151;94;112;126;4;137;111;93;47;154;23;104;110;135;78;32;30;138;101;122;95;3;127;26;9;123;108;83;29;106;25;120;86;45;144;160;116;12;147;34;96;77;121;7;42;102;98;97;79;118;85;132;39;48;66;153;2;158;152;69;18;5;140;46;37;117;107;90;64;84;38;82;143;58;88;156;129;89;76;14;134;70;53;68;1;36;109;11;27;15;74;87,1,20210401T124246,119,1.000000
120,20;28;54;19;8;145;103;128;119;63;50;24;33;49;133;142;59;56;113;41;125;6;146;115;10;13;99;151;94;112;126;4;137;111;93;47;154;23;104;110;135;78;32;30;138;101;122;95;3;127;26;9;123;108;83;29;106;25;120;86;45;144;160;116;12;147;34;96;77;121;7;42;102;98;97;79;118;85;132;39;48;66;153;2;158;152;69;18;5;140;46;37;117;107;90;64;84;38;82;143;58;88;156;129;89;76;14;134;70;53;68;1;36;109;11;27;15;74;87;159,1,20210401T124246,120,1.000000
121,20;28;54;19;8;145;103;128;119;63;50;24;33;49;133;142;59;56;113;41;125;6;146;115;10;13;99;151;94;112;126;4;137;111;93;47;154;23;104;110;135;78;32;30;138;101;122;95;3;127;26;9;123;108;83;29;106;25;120;86;45;144;160;116;12;147;34;96;77;121;7;42;102;98;97;79;118;85;132;39;48;66;153;2;158;152;69;18;5;140;46;37;117;107;90;64;84;38;82;143;58;88;156;129;89;76;14;134;70;53;68;1;36;109;11;27;15;74;87;159;17,1,20210401T124246,121,1.000000
122,20;28;54;19;8;145;103;128;119;63;50;24;33;49;133;142;59;56;113;41;125;6;146;115;10;13;99;151;94;112;126;4;137;111;93;47;154;23;104;110;135;78;32;30;138;101;122;95;3;127;26;9;123;108;83;29;106;25;120;86;45;144;160;116;12;147;34;96;77;121;7;42;102;98;97;79;118;85;132;39;48;66;153;2;158;152;69;18;5;140;46;37;117;107;90;64;84;38;82;143;58;88;156;129;89;76;14;134;70;53;68;1;36;109;11;27;15;74;87;159;17;91,1,20210401T124246,122,1.000000
123,20;28;54;19;8;145;103;128;119;63;50;24;33;49;133;142;59;56;113;41;125;6;146;115;10;13;99;151;94;112;126;4;137;111;93;47;154;23;104;110;135;78;32;30;138;101;122;95;3;127;26;9;123;108;83;29;106;25;120;86;45;144;160;116;12;147;34;96;77;121;7;42;102;98;97;79;118;85;132;39;48;66;153;2;158;152;69;18;5;140;46;37;117;107;90;64;84;38;82;143;58;88;156;129;89;76;14;134;70;53;68;1;36;109;11;27;15;74;87;159;17;91;155,1,20210401T124246,123,1.000000
124,20;28;54;19;8;145;103;128;119;63;50;24;33;49;133;142;59;56;113;41;125;6;146;115;10;13;99;151;94;112;126;4;137;111;93;47;154;23;104;110;135;78;32;30;138;101;122;95;3;127;26;9;123;108;83;29;106;25;120;86;45;144;160;116;12;147;34;96;77;121;7;42;102;98;97;79;118;85;132;39;48;66;153;2;158;152;69;18;5;140;46;37;117;107;90;64;84;38;82;143;58;88;156;129;89;76;14;134;70;53;68;1;36;109;11;27;15;74;87;159;17;91;155;124,1,20210401T124246,124,1.000000
125,20;28;54;19;8;145;103;128;119;63;50;24;33;49;133;142;59;56;113;41;125;6;146;115;10;13;99;151;94;112;126;4;137;111;93;47;154;23;104;110;135;78;32;30;138;101;122;95;3;127;26;9;123;108;83;29;106;25;120;86;45;144;160;116;12;147;34;96;77;121;7;42;102;98;97;79;118;85;132;39;48;66;153;2;158;152;69;18;5;140;46;37;117;107;90;64;84;38;82;143;58;88;156;129;89;76;14;134;70;53;68;1;36;109;11;27;15;74;87;159;17;91;155;124;61,1,20210401T124246,125,1.000000
126,20;28;54;19;8;145;103;128;119;63;50;24;33;49;133;142;59;56;113;41;125;6;146;115;10;13;99;151;94;112;126;4;137;111;93;47;154;23;104;110;135;78;32;30;138;101;122;95;3;127;26;9;123;108;83;29;106;25;120;86;45;144;160;116;12;147;34;96;77;121;7;42;102;98;97;79;118;85;132;39;48;66;153;2;158;152;69;18;5;140;46;37;117;107;90;64;84;38;82;143;58;88;156;129;89;76;14;134;70;53;68;1;36;109;11;27;15;74;87;159;17;91;155;124;61;51,1,20210401T124246,126,1.000000
127,20;28;54;19;8;145;103;128;119;63;50;24;33;49;133;142;59;56;113;41;125;6;146;115;10;13;99;151;94;112;126;4;137;111;93;47;154;23;104;110;135;78;32;30;138;101;122;95;3;127;26;9;123;108;83;29;106;25;120;86;45;144;160;116;12;147;34;96;77;121;7;42;102;98;97;79;118;85;132;39;48;66;153;2;158;152;69;18;5;140;46;37;117;107;90;64;84;38;82;143;58;88;156;129;89;76;14;134;70;53;68;1;36;109;11;27;15;74;87;159;17;91;155;124;61;51;130,1,20210401T124246,127,1.000000
128,20;28;54;19;8;145;103;128;119;63;50;24;33;49;133;142;59;56;113;41;125;6;146;115;10;13;99;151;94;112;126;4;137;111;93;47;154;23;104;110;135;78;32;30;138;101;122;95;3;127;26;9;123;108;83;29;106;25;120;86;45;144;160;116;12;147;34;96;77;121;7;42;102;98;97;79;118;85;132;39;48;66;153;2;158;152;69;18;5;140;46;37;117;107;90;64;84;38;82;143;58;88;156;129;89;76;14;134;70;53;68;1;36;109;11;27;15;74;87;159;17;91;155;124;61;51;130;52,1,20210401T124246,128,1.000000
129,20;28;54;19;8;145;103;128;119;63;50;24;33;49;133;142;59;56;113;41;125;6;146;115;10;13;99;151;94;112;126;4;137;111;93;47;154;23;104;110;135;78;32;30;138;101;122;95;3;127;26;9;123;108;83;29;106;25;120;86;45;144;160;116;12;147;34;96;77;121;7;42;102;98;97;79;118;85;132;39;48;66;153;2;158;152;69;18;5;140;46;37;117;107;90;64;84;38;82;143;58;88;156;129;89;76;14;134;70;53;68;1;36;109;11;27;15;74;87;159;17;91;155;124;61;51;130;52;149,1,20210401T124246,129,1.000000
130,20;28;54;19;8;145;103;128;119;63;50;24;33;49;133;142;59;56;113;41;125;6;146;115;10;13;99;151;94;112;126;4;137;111;93;47;154;23;104;110;135;78;32;30;138;101;122;95;3;127;26;9;123;108;83;29;106;25;120;86;45;144;160;116;12;147;34;96;77;121;7;42;102;98;97;79;118;85;132;39;48;66;153;2;158;152;69;18;5;140;46;37;117;107;90;64;84;38;82;143;58;88;156;129;89;76;14;134;70;53;68;1;36;109;11;27;15;74;87;159;17;91;155;124;61;51;130;52;149;136,1,20210401T124246,130,1.000000
131,20;28;54;19;8;145;103;128;119;63;50;24;33;49;133;142;59;56;113;41;125;6;146;115;10;13;99;151;94;112;126;4;137;111;93;47;154;23;104;110;135;78;32;30;138;101;122;95;3;127;26;9;123;108;83;29;106;25;120;86;45;144;160;116;12;147;34;96;77;121;7;42;102;98;97;79;118;85;132;39;48;66;153;2;158;152;69;18;5;140;46;37;117;107;90;64;84;38;82;143;58;88;156;129;89;76;14;134;70;53;68;1;36;109;11;27;15;74;87;159;17;91;155;124;61;51;130;52;149;136;157,1,20210401T124246,131,1.000000
132,20;28;54;19;8;145;103;128;119;63;50;24;33;49;133;142;59;56;113;41;125;6;146;115;10;13;99;151;94;112;126;4;137;111;93;47;154;23;104;110;135;78;32;30;138;101;122;95;3;127;26;9;123;108;83;29;106;25;120;86;45;144;160;116;12;147;34;96;77;121;7;42;102;98;97;79;118;85;132;39;48;66;153;2;158;152;69;18;5;140;46;37;117;107;90;64;84;38;82;143;58;88;156;129;89;76;14;134;70;53;68;1;36;109;11;27;15;74;87;159;17;91;155;124;61;51;130;52;149;136;157;80,1,20210401T124246,132,1.000000
133,20;28;54;19;8;145;103;128;119;63;50;24;33;49;133;142;59;56;113;41;125;6;146;115;10;13;99;151;94;112;126;4;137;111;93;47;154;23;104;110;135;78;32;30;138;101;122;95;3;127;26;9;123;108;83;29;106;25;120;86;45;144;160;116;12;147;34;96;77;121;7;42;102;98;97;79;118;85;132;39;48;66;153;2;158;152;69;18;5;140;46;37;117;107;90;64;84;38;82;143;58;88;156;129;89;76;14;134;70;53;68;1;36;109;11;27;15;74;87;159;17;91;155;124;61;51;130;52;149;136;157;80;73,1,20210401T124246,133,1.000000
134,20;28;54;19;8;145;103;128;119;63;50;24;33;49;133;142;59;56;113;41;125;6;146;115;10;13;99;151;94;112;126;4;137;111;93;47;154;23;104;110;135;78;32;30;138;101;122;95;3;127;26;9;123;108;83;29;106;25;120;86;45;144;160;116;12;147;34;96;77;121;7;42;102;98;97;79;118;85;132;39;48;66;153;2;158;152;69;18;5;140;46;37;117;107;90;64;84;38;82;143;58;88;156;129;89;76;14;134;70;53;68;1;36;109;11;27;15;74;87;159;17;91;155;124;61;51;130;52;149;136;157;80;73;60,1,20210401T124246,134,1.000000
135,20;28;54;19;8;145;103;128;119;63;50;24;33;49;133;142;59;56;113;41;125;6;146;115;10;13;99;151;94;112;126;4;137;111;93;47;154;23;104;110;135;78;32;30;138;101;122;95;3;127;26;9;123;108;83;29;106;25;120;86;45;144;160;116;12;147;34;96;77;121;7;42;102;98;97;79;118;85;132;39;48;66;153;2;158;152;69;18;5;140;46;37;117;107;90;64;84;38;82;143;58;88;156;129;89;76;14;134;70;53;68;1;36;109;11;27;15;74;87;159;17;91;155;124;61;51;130;52;149;136;157;80;73;60;16,1,20210401T124246,135,1.000000
136,20;28;54;19;8;145;103;128;119;63;50;24;33;49;133;142;59;56;113;41;125;6;146;115;10;13;99;151;94;112;126;4;137;111;93;47;154;23;104;110;135;78;32;30;138;101;122;95;3;127;26;9;123;108;83;29;106;25;120;86;45;144;160;116;12;147;34;96;77;121;7;42;102;98;97;79;118;85;132;39;48;66;153;2;158;152;69;18;5;140;46;37;117;107;90;64;84;38;82;143;58;88;156;129;89;76;14;134;70;53;68;1;36;109;11;27;15;74;87;159;17;91;155;124;61;51;130;52;149;136;157;80;73;60;16;57,1,20210401T124246,136,1.000000
137,20;28;54;19;8;145;103;128;119;63;50;24;33;49;133;142;59;56;113;41;125;6;146;115;10;13;99;151;94;112;126;4;137;111;93;47;154;23;104;110;135;78;32;30;138;101;122;95;3;127;26;9;123;108;83;29;106;25;120;86;45;144;160;116;12;147;34;96;77;121;7;42;102;98;97;79;118;85;132;39;48;66;153;2;158;152;69;18;5;140;46;37;117;107;90;64;84;38;82;143;58;88;156;129;89;76;14;134;70;53;68;1;36;109;11;27;15;74;87;159;17;91;155;124;61;51;130;52;149;136;157;80;73;60;16;57;35,1,20210401T124246,137,1.000000
138,20;28;54;19;8;145;103;128;119;63;50;24;33;49;133;142;59;56;113;41;125;6;146;115;10;13;99;151;94;112;126;4;137;111;93;47;154;23;104;110;135;78;32;30;138;101;122;95;3;127;26;9;123;108;83;29;106;25;120;86;45;144;160;116;12;147;34;96;77;121;7;42;102;98;97;79;118;85;132;39;48;66;153;2;158;152;69;18;5;140;46;37;117;107;90;64;84;38;82;143;58;88;156;129;89;76;14;134;70;53;68;1;36;109;11;27;15;74;87;159;17;91;155;124;61;51;130;52;149;136;157;80;73;60;16;57;35;105,1,20210401T124246,138,1.000000
139,20;28;54;19;8;145;103;128;119;63;50;24;33;49;133;142;59;56;113;41;125;6;146;115;10;13;99;151;94;112;126;4;137;111;93;47;154;23;104;110;135;78;32;30;138;101;122;95;3;127;26;9;123;108;83;29;106;25;120;86;45;144;160;116;12;147;34;96;77;121;7;42;102;98;97;79;118;85;132;39;48;66;153;2;158;152;69;18;5;140;46;37;117;107;90;64;84;38;82;143;58;88;156;129;89;76;14;134;70;53;68;1;36;109;11;27;15;74;87;159;17;91;155;124;61;51;130;52;149;136;157;80;73;60;16;57;35;105;81,1,20210401T124246,139,1.000000
140,20;28;54;19;8;145;103;128;119;63;50;24;33;49;133;142;59;56;113;41;125;6;146;115;10;13;99;151;94;112;126;4;137;111;93;47;154;23;104;110;135;78;32;30;138;101;122;95;3;127;26;9;123;108;83;29;106;25;120;86;45;144;160;116;12;147;34;96;77;121;7;42;102;98;97;79;118;85;132;39;48;66;153;2;158;152;69;18;5;140;46;37;117;107;90;64;84;38;82;143;58;88;156;129;89;76;14;134;70;53;68;1;36;109;11;27;15;74;87;159;17;91;155;124;61;51;130;52;149;136;157;80;73;60;16;57;35;105;81;141,1,20210401T124246,140,1.000000
141,20;28;54;19;8;145;103;128;119;63;50;24;33;49;133;142;59;56;113;41;125;6;146;115;10;13;99;151;94;112;126;4;137;111;93;47;154;23;104;110;135;78;32;30;138;101;122;95;3;127;26;9;123;108;83;29;106;25;120;86;45;144;160;116;12;147;34;96;77;121;7;42;102;98;97;79;118;85;132;39;48;66;153;2;158;152;69;18;5;140;46;37;117;107;90;64;84;38;82;143;58;88;156;129;89;76;14;134;70;53;68;1;36;109;11;27;15;74;87;159;17;91;155;124;61;51;130;52;149;136;157;80;73;60;16;57;35;105;81;141;31,1,20210401T124246,141,1.000000
142,20;28;54;19;8;145;103;128;119;63;50;24;33;49;133;142;59;56;113;41;125;6;146;115;10;13;99;151;94;112;126;4;137;111;93;47;154;23;104;110;135;78;32;30;138;101;122;95;3;127;26;9;123;108;83;29;106;25;120;86;45;144;160;116;12;147;34;96;77;121;7;42;102;98;97;79;118;85;132;39;48;66;153;2;158;152;69;18;5;140;46;37;117;107;90;64;84;38;82;143;58;88;156;129;89;76;14;134;70;53;68;1;36;109;11;27;15;74;87;159;17;91;155;124;61;51;130;52;149;136;157;80;73;60;16;57;35;105;81;141;31;65,1,20210401T124246,142,1.000000
143,20;28;54;19;8;145;103;128;119;63;50;24;33;49;133;142;59;56;113;41;125;6;146;115;10;13;99;151;94;112;126;4;137;111;93;47;154;23;104;110;135;78;32;30;138;101;122;95;3;127;26;9;123;108;83;29;106;25;120;86;45;144;160;116;12;147;34;96;77;121;7;42;102;98;97;79;118;85;132;39;48;66;153;2;158;152;69;18;5;140;46;37;117;107;90;64;84;38;82;143;58;88;156;129;89;76;14;134;70;53;68;1;36;109;11;27;15;74;87;159;17;91;155;124;61;51;130;52;149;136;157;80;73;60;16;57;35;105;81;141;31;65;21,1,20210401T124246,143,1.000000
144,20;28;54;19;8;145;103;128;119;63;50;24;33;49;133;142;59;56;113;41;125;6;146;115;10;13;99;151;94;112;126;4;137;111;93;47;154;23;104;110;135;78;32;30;138;101;122;95;3;127;26;9;123;108;83;29;106;25;120;86;45;144;160;116;12;147;34;96;77;121;7;42;102;98;97;79;118;85;132;39;48;66;153;2;158;152;69;18;5;140;46;37;117;107;90;64;84;38;82;143;58;88;156;129;89;76;14;134;70;53;68;1;36;109;11;27;15;74;87;159;17;91;155;124;61;51;130;52;149;136;157;80;73;60;16;57;35;105;81;141;31;65;21;22,1,20210401T124246,144,1.000000
145,20;28;54;19;8;145;103;128;119;63;50;24;33;49;133;142;59;56;113;41;125;6;146;115;10;13;99;151;94;112;126;4;137;111;93;47;154;23;104;110;135;78;32;30;138;101;122;95;3;127;26;9;123;108;83;29;106;25;120;86;45;144;160;116;12;147;34;96;77;121;7;42;102;98;97;79;118;85;132;39;48;66;153;2;158;152;69;18;5;140;46;37;117;107;90;64;84;38;82;143;58;88;156;129;89;76;14;134;70;53;68;1;36;109;11;27;15;74;87;159;17;91;155;124;61;51;130;52;149;136;157;80;73;60;16;57;35;105;81;141;31;65;21;22;131,1,20210401T124246,145,1.000000
146,20;28;54;19;8;145;103;128;119;63;50;24;33;49;133;142;59;56;113;41;125;6;146;115;10;13;99;151;94;112;126;4;137;111;93;47;154;23;104;110;135;78;32;30;138;101;122;95;3;127;26;9;123;108;83;29;106;25;120;86;45;144;160;116;12;147;34;96;77;121;7;42;102;98;97;79;118;85;132;39;48;66;153;2;158;152;69;18;5;140;46;37;117;107;90;64;84;38;82;143;58;88;156;129;89;76;14;134;70;53;68;1;36;109;11;27;15;74;87;159;17;91;155;124;61;51;130;52;149;136;157;80;73;60;16;57;35;105;81;141;31;65;21;22;131;71,1,20210401T124246,146,1.000000
147,20;28;54;19;8;145;103;128;119;63;50;24;33;49;133;142;59;56;113;41;125;6;146;115;10;13;99;151;94;112;126;4;137;111;93;47;154;23;104;110;135;78;32;30;138;101;122;95;3;127;26;9;123;108;83;29;106;25;120;86;45;144;160;116;12;147;34;96;77;121;7;42;102;98;97;79;118;85;132;39;48;66;153;2;158;152;69;18;5;140;46;37;117;107;90;64;84;38;82;143;58;88;156;129;89;76;14;134;70;53;68;1;36;109;11;27;15;74;87;159;17;91;155;124;61;51;130;52;149;136;157;80;73;60;16;57;35;105;81;141;31;65;21;22;131;71;139,1,20210401T124246,147,1.000000
148,20;28;54;19;8;145;103;128;119;63;50;24;33;49;133;142;59;56;113;41;125;6;146;115;10;13;99;151;94;112;126;4;137;111;93;47;154;23;104;110;135;78;32;30;138;101;122;95;3;127;26;9;123;108;83;29;106;25;120;86;45;144;160;116;12;147;34;96;77;121;7;42;102;98;97;79;118;85;132;39;48;66;153;2;158;152;69;18;5;140;46;37;117;107;90;64;84;38;82;143;58;88;156;129;89;76;14;134;70;53;68;1;36;109;11;27;15;74;87;159;17;91;155;124;61;51;130;52;149;136;157;80;73;60;16;57;35;105;81;141;31;65;21;22;131;71;139;150,1,20210401T124246,148,1.000000
149,20;28;54;19;8;145;103;128;119;63;50;24;33;49;133;142;59;56;113;41;125;6;146;115;10;13;99;151;94;112;126;4;137;111;93;47;154;23;104;110;135;78;32;30;138;101;122;95;3;127;26;9;123;108;83;29;106;25;120;86;45;144;160;116;12;147;34;96;77;121;7;42;102;98;97;79;118;85;132;39;48;66;153;2;158;152;69;18;5;140;46;37;117;107;90;64;84;38;82;143;58;88;156;129;89;76;14;134;70;53;68;1;36;109;11;27;15;74;87;159;17;91;155;124;61;51;130;52;149;136;157;80;73;60;16;57;35;105;81;141;31;65;21;22;131;71;139;150;72,1,20210401T124246,149,1.000000
150,20;28;54;19;8;145;103;128;119;63;50;24;33;49;133;142;59;56;113;41;125;6;146;115;10;13;99;151;94;112;126;4;137;111;93;47;154;23;104;110;135;78;32;30;138;101;122;95;3;127;26;9;123;108;83;29;106;25;120;86;45;144;160;116;12;147;34;96;77;121;7;42;102;98;97;79;118;85;132;39;48;66;153;2;158;152;69;18;5;140;46;37;117;107;90;64;84;38;82;143;58;88;156;129;89;76;14;134;70;53;68;1;36;109;11;27;15;74;87;159;17;91;155;124;61;51;130;52;149;136;157;80;73;60;16;57;35;105;81;141;31;65;21;22;131;71;139;150;72;92,1,20210401T124246,150,1.000000
151,20;28;54;19;8;145;103;128;119;63;50;24;33;49;133;142;59;56;113;41;125;6;146;115;10;13;99;151;94;112;126;4;137;111;93;47;154;23;104;110;135;78;32;30;138;101;122;95;3;127;26;9;123;108;83;29;106;25;120;86;45;144;160;116;12;147;34;96;77;121;7;42;102;98;97;79;118;85;132;39;48;66;153;2;158;152;69;18;5;140;46;37;117;107;90;64;84;38;82;143;58;88;156;129;89;76;14;134;70;53;68;1;36;109;11;27;15;74;87;159;17;91;155;124;61;51;130;52;149;136;157;80;73;60;16;57;35;105;81;141;31;65;21;22;131;71;139;150;72;92;55,1,20210401T124246,151,1.000000
152,20;28;54;19;8;145;103;128;119;63;50;24;33;49;133;142;59;56;113;41;125;6;146;115;10;13;99;151;94;112;126;4;137;111;93;47;154;23;104;110;135;78;32;30;138;101;122;95;3;127;26;9;123;108;83;29;106;25;120;86;45;144;160;116;12;147;34;96;77;121;7;42;102;98;97;79;118;85;132;39;48;66;153;2;158;152;69;18;5;140;46;37;117;107;90;64;84;38;82;143;58;88;156;129;89;76;14;134;70;53;68;1;36;109;11;27;15;74;87;159;17;91;155;124;61;51;130;52;149;136;157;80;73;60;16;57;35;105;81;141;31;65;21;22;131;71;139;150;72;92;55;148,1,20210401T124246,152,1.000000
153,20;28;54;19;8;145;103;128;119;63;50;24;33;49;133;142;59;56;113;41;125;6;146;115;10;13;99;151;94;112;126;4;137;111;93;47;154;23;104;110;135;78;32;30;138;101;122;95;3;127;26;9;123;108;83;29;106;25;120;86;45;144;160;116;12;147;34;96;77;121;7;42;102;98;97;79;118;85;132;39;48;66;153;2;158;152;69;18;5;140;46;37;117;107;90;64;84;38;82;143;58;88;156;129;89;76;14;134;70;53;68;1;36;109;11;27;15;74;87;159;17;91;155;124;61;51;130;52;149;136;157;80;73;60;16;57;35;105;81;141;31;65;21;22;131;71;139;150;72;92;55;148;100,1,20210401T124246,153,1.000000
154,20;28;54;19;8;145;103;128;119;63;50;24;33;49;133;142;59;56;113;41;125;6;146;115;10;13;99;151;94;112;126;4;137;111;93;47;154;23;104;110;135;78;32;30;138;101;122;95;3;127;26;9;123;108;83;29;106;25;120;86;45;144;160;116;12;147;34;96;77;121;7;42;102;98;97;79;118;85;132;39;48;66;153;2;158;152;69;18;5;140;46;37;117;107;90;64;84;38;82;143;58;88;156;129;89;76;14;134;70;53;68;1;36;109;11;27;15;74;87;159;17;91;155;124;61;51;130;52;149;136;157;80;73;60;16;57;35;105;81;141;31;65;21;22;131;71;139;150;72;92;55;148;100;43,1,20210401T124246,154,1.000000
155,20;28;54;19;8;145;103;128;119;63;50;24;33;49;133;142;59;56;113;41;125;6;146;115;10;13;99;151;94;112;126;4;137;111;93;47;154;23;104;110;135;78;32;30;138;101;122;95;3;127;26;9;123;108;83;29;106;25;120;86;45;144;160;116;12;147;34;96;77;121;7;42;102;98;97;79;118;85;132;39;48;66;153;2;158;152;69;18;5;140;46;37;117;107;90;64;84;38;82;143;58;88;156;129;89;76;14;134;70;53;68;1;36;109;11;27;15;74;87;159;17;91;155;124;61;51;130;52;149;136;157;80;73;60;16;57;35;105;81;141;31;65;21;22;131;71;139;150;72;92;55;148;100;43;44,1,20210401T124246,155,1.000000
156,20;28;54;19;8;145;103;128;119;63;50;24;33;49;133;142;59;56;113;41;125;6;146;115;10;13;99;151;94;112;126;4;137;111;93;47;154;23;104;110;135;78;32;30;138;101;122;95;3;127;26;9;123;108;83;29;106;25;120;86;45;144;160;116;12;147;34;96;77;121;7;42;102;98;97;79;118;85;132;39;48;66;153;2;158;152;69;18;5;140;46;37;117;107;90;64;84;38;82;143;58;88;156;129;89;76;14;134;70;53;68;1;36;109;11;27;15;74;87;159;17;91;155;124;61;51;130;52;149;136;157;80;73;60;16;57;35;105;81;141;31;65;21;22;131;71;139;150;72;92;55;148;100;43;44;75,1,20210401T124246,156,1.000000
157,20;28;54;19;8;145;103;128;119;63;50;24;33;49;133;142;59;56;113;41;125;6;146;115;10;13;99;151;94;112;126;4;137;111;93;47;154;23;104;110;135;78;32;30;138;101;122;95;3;127;26;9;123;108;83;29;106;25;120;86;45;144;160;116;12;147;34;96;77;121;7;42;102;98;97;79;118;85;132;39;48;66;153;2;158;152;69;18;5;140;46;37;117;107;90;64;84;38;82;143;58;88;156;129;89;76;14;134;70;53;68;1;36;109;11;27;15;74;87;159;17;91;155;124;61;51;130;52;149;136;157;80;73;60;16;57;35;105;81;141;31;65;21;22;131;71;139;150;72;92;55;148;100;43;44;75;40,1,20210401T124246,157,1.000000
158,20;28;54;19;8;145;103;128;119;63;50;24;33;49;133;142;59;56;113;41;125;6;146;115;10;13;99;151;94;112;126;4;137;111;93;47;154;23;104;110;135;78;32;30;138;101;122;95;3;127;26;9;123;108;83;29;106;25;120;86;45;144;160;116;12;147;34;96;77;121;7;42;102;98;97;79;118;85;132;39;48;66;153;2;158;152;69;18;5;140;46;37;117;107;90;64;84;38;82;143;58;88;156;129;89;76;14;134;70;53;68;1;36;109;11;27;15;74;87;159;17;91;155;124;61;51;130;52;149;136;157;80;73;60;16;57;35;105;81;141;31;65;21;22;131;71;139;150;72;92;55;148;100;43;44;75;40;67,1,20210401T124246,158,1.000000
159,20;28;54;19;8;145;103;128;119;63;50;24;33;49;133;142;59;56;113;41;125;6;146;115;10;13;99;151;94;112;126;4;137;111;93;47;154;23;104;110;135;78;32;30;138;101;122;95;3;127;26;9;123;108;83;29;106;25;120;86;45;144;160;116;12;147;34;96;77;121;7;42;102;98;97;79;118;85;132;39;48;66;153;2;158;152;69;18;5;140;46;37;117;107;90;64;84;38;82;143;58;88;156;129;89;76;14;134;70;53;68;1;36;109;11;27;15;74;87;159;17;91;155;124;61;51;130;52;149;136;157;80;73;60;16;57;35;105;81;141;31;65;21;22;131;71;139;150;72;92;55;148;100;43;44;75;40;67;62,1,20210401T124246,159,1.000000
160,20;28;54;19;8;145;103;128;119;63;50;24;33;49;133;142;59;56;113;41;125;6;146;115;10;13;99;151;94;112;126;4;137;111;93;47;154;23;104;110;135;78;32;30;138;101;122;95;3;127;26;9;123;108;83;29;106;25;120;86;45;144;160;116;12;147;34;96;77;121;7;42;102;98;97;79;118;85;132;39;48;66;153;2;158;152;69;18;5;140;46;37;117;107;90;64;84;38;82;143;58;88;156;129;89;76;14;134;70;53;68;1;36;109;11;27;15;74;87;159;17;91;155;124;61;51;130;52;149;136;157;80;73;60;16;57;35;105;81;141;31;65;21;22;131;71;139;150;72;92;55;148;100;43;44;75;40;67;62;114,1,20210401T124246,160,1.000000
