channel,array_name,n_sessions,median_pairwise_r,icc,sign_concordance,n_same_sign,si_mean,si_std,si_median_abs,si_pairwise_median_delta,task_evoked,n_sessions_task_evoked,stable,tuned_stable_rank
1,A1,10,0.008998357185985488,-0.013777156838614212,0.8,8,-0.43210419822257373,0.5105900807069618,0.5301838004401926,0.6396524044732301,False,7,False,
2,A1,10,0.16342959278146094,0.15868651838490347,0.6,6,-0.14925951066956267,0.49750559084571677,0.371071386729159,0.48619708868443434,False,9,False,
3,A1,10,0.01440429095512593,0.008298697952642094,0.7,7,-0.2744605253746669,0.6500948961633272,0.5414059759877567,0.6796327861753112,False,4,False,
4,A1,10,0.22254027446195537,0.23859805813666254,0.7,7,0.42925005996752075,0.6337536610695494,0.8056961483753708,0.8037450487489158,True,10,False,
5,A1,10,0.1192787568413406,0.07376318758424945,0.9,9,-0.45374509640433836,0.38271507002299254,0.29822232296159024,0.41144322844721837,False,9,False,
6,A1,10,0.07130774809190056,0.06639351217460625,0.8,8,-0.7494892914722789,0.5107014434947935,1.0,0.006955101222214988,False,8,False,
7,A1,10,0.12589174854405838,0.09928972351884457,0.8,8,-0.6215657267669529,0.5327793843347713,0.9382725110197604,0.32977388456377865,False,8,False,
8,A1,10,0.22035065980617102,0.28103366882089065,1.0,10,-0.6471055299518795,0.3624698651786866,0.7293442504654639,0.5413114990690723,False,9,False,
9,A1,10,0.013942001825347348,-0.012670237440063643,0.7,7,-0.37084539332590627,0.4874549604555551,0.36051105246285353,0.6300225470795122,False,5,False,
10,A1,10,0.2427105714158639,0.25991815158386056,0.9,9,-0.6301160177995119,0.37657181796789946,0.7431883213102646,0.4340472769099708,True,10,False,
11,A1,10,0.034131493040260336,0.035547135369035546,0.6,6,-0.2725405266865548,0.6779385674164816,0.7162066724575821,0.7891802075853853,False,8,False,
12,A1,10,-0.20307140262272125,-0.02167512983948239,0.6,6,0.263706507899417,0.7017147343632156,0.6205434893063225,0.7989611967364337,True,10,False,
13,A1,10,0.005948288815347147,0.031847305624655244,0.8,8,-0.3108001503066169,0.653192120967362,0.6711388822481639,0.66156809728309,True,10,False,
14,A1,10,-0.006678295923195839,0.013416037658193214,0.8,8,-0.3257716836263947,0.3607532906412015,0.21742883655543133,0.4208387481313477,False,9,False,
15,A1,10,-0.04811617946776074,-0.030437013514640593,0.5,5,0.1203799270174319,0.6805724849680236,0.6291841908082982,0.9254808570936807,False,6,False,
16,A1,10,0.10191421532017836,0.08684412441115084,0.7,7,-0.2521865297989799,0.5604985270257705,0.4469244830924901,0.7476150350809158,True,10,False,
17,A1,10,0.06564501773235701,0.07175354099943464,0.9,9,-0.5866876474879724,0.47523581680886945,0.7988112750548837,0.6064911613460535,False,9,False,
18,A1,10,0.09065151471091651,0.02430237345284131,0.8,8,-0.3381932205229847,0.5541468371794727,0.5294107153144683,0.47575512961977995,False,8,False,
19,A1,10,0.43411721659358543,0.43438661309175164,1.0,10,-0.4677266094647403,0.37122315933386824,0.30798177898782825,0.40804848267756155,False,9,False,
20,A1,10,0.6345099916120619,0.38121855057161746,0.7,7,-0.23729673711058505,0.3882331431849612,0.5088676469696243,0.5028779107286554,True,10,False,
21,A1,10,0.04552349260173003,0.02097467521974843,1.0,10,-0.6814049351280136,0.30270520498427705,0.7557150283532156,0.32082845370655644,False,6,False,
22,A1,10,-0.011081758651005372,0.007816477021089821,0.8,8,-0.29872460494789066,0.5961944868752503,0.4215286290355533,0.725420617447106,False,2,False,
23,A1,10,0.07968386273922633,0.0371077369562088,0.5,5,-0.2756515927812627,0.4626920163022718,0.25988337678321893,0.4803637915426546,False,8,False,
24,A1,10,0.14676998834882085,0.1566047994087348,0.9,9,-0.4024865102281968,0.6214087867362907,0.8322840194328074,0.846156803810475,False,9,False,
25,A1,10,0.10729739507841435,0.07772351504190872,1.0,10,-0.6001435411446152,0.3072965758028333,0.5881032282399868,0.35608173034775825,False,7,False,
26,A1,10,-0.014592692769331223,0.06436797752333798,0.5,5,0.12016297618694968,0.9084634450499389,1.0,1.0648893923303886,True,10,False,
27,A1,10,0.15411436784839633,0.09148539317372696,0.5,5,-0.025756482811021275,0.8227062323708662,1.0,0.8948983382806596,False,5,False,
28,A1,10,0.22822842050246095,0.12114772278827046,0.6,6,-0.3910003939828583,0.6907218520616665,0.8524385232350219,0.9211361301430583,True,10,False,
29,A1,10,0.17527876023029274,0.1033025010869378,0.5,5,-0.1674679841310177,0.47874064826367474,0.31557679844126557,0.5409862416164233,False,9,False,
30,A1,10,0.046534241835227606,0.020724577906106358,0.8,8,-0.23847268839154961,0.6026897910686675,0.44406069602323234,0.6740243239971548,False,6,False,
31,A1,10,0.031502235382403036,0.01354292492778178,0.8,8,-0.3040521575700884,0.36252573238583774,0.10616525449633372,0.39432241183256833,False,8,False,
32,A1,10,0.19070130818960568,0.10195885873036163,0.7,7,0.6180501091963422,0.5763540275203883,1.0,0.33408895460006355,True,10,False,
33,A2,10,0.1238238258038868,0.12568791786187034,0.9,9,-0.59343087449314,0.4396082582075031,0.6889225966362117,0.4767627522582627,False,9,False,
34,A2,10,0.10638284733188452,0.04270008342728049,0.5,5,-0.20456389671042693,0.3786601316208077,0.12789593914194722,0.39300461307438295,False,6,False,
35,A2,10,-0.034383835415820775,-0.015952369659787267,0.7,7,-0.2749046498805304,0.6339082498478793,0.6172303430016435,0.7533187757563125,False,4,False,
36,A2,10,0.13878836168094896,0.3124288407122383,0.8,8,0.10015291358541285,0.22922227027035247,0.09964267436479593,0.11307074698367968,False,8,False,
37,A2,10,0.07812763386611817,0.08898513923901497,0.7,7,-0.33599099487019507,0.6580888167588607,0.7172714126811046,0.6589141071211305,False,3,False,
38,A2,10,0.014863689754941827,0.004701202282273685,0.9,9,-0.5451276765476967,0.40785659669748486,0.5238012683605584,0.46840476581168167,False,3,False,
39,A2,10,0.15841807182411222,0.18586114988121785,1.0,10,-0.2791217949221012,0.19056049025553767,0.2959956520651556,0.21038724371106235,False,9,False,
40,A2,10,0.03644132616200983,0.0002368108820021494,0.9,9,-0.3740896757863659,0.6110252997037606,0.6309354802111955,0.7512674990233864,False,1,False,
41,A2,10,0.19024545021903577,0.15097185481020559,0.5,5,-0.11443722062625383,0.5912936565190695,0.401500556418755,0.65817899904664,True,10,False,
42,A2,10,0.1232558098921287,0.06224230998632533,0.5,5,-0.09412019400391392,0.4536882389141573,0.2977228712816191,0.52248891681762,False,1,False,
43,A2,10,0.08753680262258216,0.21732684833487248,0.9,9,-0.48347968204654235,0.3317900633690499,0.5812424245508003,0.44447515582139,False,6,False,
44,A2,10,0.09583600650425887,0.031982635412330235,0.8,8,-0.37908485055785535,0.4451210695891423,0.38699897408675615,0.5569151103335866,False,1,False,
45,A2,10,0.01666024349922747,-0.012819903048574551,0.5,5,-0.05717097494490271,0.7949395444710669,0.96579152581018,0.9243334149472054,False,0,False,
46,A2,10,0.11475138099926877,0.12079071769230404,0.9,9,-0.38317295135153145,0.5604419739806212,0.549448286496326,0.49083974578024425,False,3,False,
47,A2,10,0.09873510151693402,0.08133248423980893,0.7,7,-0.5431168786795654,0.4979654123949737,0.7344933348185552,0.5310133303628897,False,1,False,
48,A2,10,-4.4266990119817134e-05,0.012626957483925156,0.8,8,-0.33941734513476574,0.5226107565643341,0.45687282635639404,0.6360369676603884,False,0,False,
49,A2,10,0.41934634555324746,0.2538072988788309,1.0,10,-0.6914857907956533,0.30069805131953675,0.7678336354965818,0.29300919795530567,True,10,False,
50,A2,10,0.09813395452798274,0.08652789144246713,0.6,6,0.13809375886272096,0.6483458714692416,0.5560421977258325,0.7198546963851004,False,5,False,
51,A2,10,0.08039373726107511,0.019018818137184746,0.7,7,-0.3560684351841325,0.6730950477232199,0.8627500644670383,0.7969088239986046,False,4,False,
52,A2,10,0.16805157307151963,0.13968880304009082,1.0,10,-0.5082349136617054,0.26417178277556813,0.4719171977668378,0.2807485849477956,False,8,False,
53,A2,10,-0.015177179632563743,0.002624840007053905,0.8,8,-0.38628944355142714,0.5715760522583152,0.558996055966091,0.8609851770004033,False,6,False,
54,A2,10,0.028427762246803847,0.12117723364137596,0.6,6,-0.2547817359997508,0.42464133096138923,0.2311218087203571,0.4622436174407142,True,10,False,
55,A2,10,0.31587833291023787,0.2738374084110361,0.8,8,-0.27122514701933725,0.2689299414563293,0.22076265600393524,0.3081472884228448,True,10,False,1
56,A2,10,0.10896451470180356,0.1163727081005345,0.7,7,-0.22519693155458193,0.33391950888042327,0.32772292495180777,0.3612709000465447,False,9,False,
57,A2,10,-0.025732044612474716,0.00884892853488389,0.7,7,-0.24383405005317815,0.5987938278957614,0.27408705406424283,0.7305772877322732,False,8,False,
58,A2,10,-0.005500914198242174,0.008236794947357398,0.6,6,-0.02681140421773598,0.8017519685489571,0.8999774813485533,0.9727285683878506,False,0,False,
59,A2,10,0.1423813945804587,0.1411879165389999,0.7,7,-0.2900425657173129,0.4613362388634959,0.328472376145469,0.5394314095682717,True,10,False,
60,A2,10,-0.02349461064963875,0.014556795815638176,0.7,7,-0.2864055684086302,0.43791934119316445,0.20385163411352766,0.41238751383236316,False,1,False,
61,A2,10,0.03646721170326469,0.04686389147953868,0.8,8,-0.2935154606066865,0.4308361208030639,0.27682277213483175,0.46465806498321005,False,1,False,
62,A2,10,0.08632687843872333,0.053727551731735636,0.8,8,-0.3684339421999393,0.48499401749597876,0.4867117003195299,0.49170606102077663,False,0,False,
63,A2,10,0.19070877277149784,0.1189369135599468,1.0,10,-0.6204862480469739,0.38691974620213976,0.7050440959973906,0.5887590110279917,False,6,False,
64,A2,10,0.10452972351855855,0.10477496168290756,0.9,9,-0.4888421678837761,0.5896627105876948,0.7840635943987415,0.4991462184733233,False,4,False,
65,A3,10,-0.013733996215554961,0.0039016457887264965,0.5,5,-0.048851292035941934,0.5457429233391652,0.34825587678890163,0.5610090323484592,False,4,False,
66,A3,10,-0.013850583472080943,0.010142147246272298,0.8,8,-0.39642773520809466,0.6112321697789233,0.7446274611836681,0.7490414185258742,False,1,False,
67,A3,10,-0.014734146936405441,0.029856905266959614,0.7,7,-0.30604954701850706,0.378717629407007,0.21013642814942696,0.346604001078282,False,1,False,
68,A3,10,-0.02789556650191703,-0.026257074128681487,0.6,6,-0.01901870049060243,0.41220798130159997,0.21850925271257843,0.4301923123652154,False,0,False,
69,A3,10,0.01636621736704102,0.036838623914257324,0.6,6,-0.20028530600904088,0.5249289948437648,0.34820440441811895,0.5492051024107782,False,2,False,
70,A3,10,0.024427493336541217,0.022644226957724604,0.6,6,-0.2678168058590174,0.47840066924630087,0.20047298327016333,0.4604903583174977,False,0,False,
71,A3,10,-0.006704297171746795,0.0014868224706189707,0.8,8,0.3130975773401915,0.5926564370265582,0.519846731366009,0.6457445113979557,False,0,False,
72,A3,10,-0.018308136232022473,0.002641282434499062,0.5,5,0.10091450338928662,0.6618434681841969,0.5243378904387018,0.7097438586948535,False,0,False,
73,A3,10,-0.016429660856604102,-0.006903406402921051,0.9,9,-0.5332909711748879,0.3475551828307181,0.4570235440257492,0.41987500758107965,False,0,False,
74,A3,10,0.043848350331776934,0.04590048061075363,0.8,8,-0.35829187545504715,0.5169720203542035,0.4468039260593382,0.7038547676206411,False,0,False,
75,A3,10,-0.009175025458050884,-0.012082640993636498,0.8,8,-0.4456748228088424,0.45988473391986684,0.3518667395551388,0.48965570109377576,False,0,False,
76,A3,10,0.06823100409090681,0.06887196771958619,0.9,9,-0.44178749049891763,0.47268198633453257,0.4913251318600167,0.5481183462619748,False,1,False,
77,A3,10,0.03204864699464107,0.002991499065087121,0.6,6,-0.021498472076195284,0.6617979873909126,0.4120367444011835,0.869966782156183,False,2,False,
78,A3,10,0.09006657430690113,0.0511330326955888,0.7,7,0.0488212639962188,0.5597119571775736,0.17587763079586882,0.7386890834594744,False,0,False,
79,A3,10,-0.02212908805963048,-0.005872663896279666,0.7,7,-0.3190374843331397,0.6546966606772687,0.7535836101908698,0.8803011500664057,False,0,False,
80,A3,10,0.007163198599152709,-0.003206858370633862,0.5,5,-0.03776712584631321,0.6384798558333791,0.3091344615033784,0.8112542952426212,False,0,False,
81,A3,10,-0.034779056276359646,-0.016975795439251838,0.8,8,-0.4575211341140375,0.4585781161195446,0.5277018336852345,0.5211442861016669,False,3,False,
82,A3,10,0.11748871343603562,0.017411533079486848,0.9,9,-0.33585195907524235,0.5807694479313659,0.4649511082355833,0.5837097540642713,False,0,False,
83,A3,10,0.18989127657270535,0.13361541041264474,0.6,6,-0.14712422115749155,0.552046383376934,0.20970641866425282,0.6059425671662505,False,3,False,
84,A3,10,-0.0018351974688608661,0.012287089289452793,0.7,7,-0.23916889902323116,0.5601338208371388,0.4030597838535438,0.5340464561344682,False,1,False,
85,A3,10,0.0029669541356483415,-0.010575972324214639,0.7,7,-0.3689477734528554,0.61931389129711,0.6416522979593698,0.7242147810476594,False,0,False,
86,A3,10,-0.008180749086684924,0.008656082437305078,0.5,5,-0.05661432152703376,0.4918570080515367,0.2279398151585228,0.573959876593575,False,0,False,
87,A3,10,-0.004568999652389543,-0.0062654516465652284,0.6,6,-0.23712636412598317,0.63186424994437,0.47036096683319606,0.6893928631271742,False,0,False,
88,A3,10,0.11150689066060715,0.10275415990677957,0.5,5,-0.2652580040077578,0.5407778604778496,0.44810598061263807,0.669264107526121,False,3,False,
89,A3,10,0.01564100227515431,-0.003208316217042418,0.6,6,-0.019967534542692594,0.5548891147274744,0.36384809271750496,0.640688417611161,False,0,False,
90,A3,10,-0.01288305743570937,0.025390377370325113,0.6,6,0.04876899900633348,0.586978014277642,0.39768199720741676,0.5574258303260275,False,0,False,
91,A3,10,-0.0351753095085697,-0.020558230499378233,0.7,7,-0.2456351296504013,0.3864122801153056,0.11882541772491338,0.17526162171756132,False,0,False,
92,A3,10,0.03776601287691939,0.008583188783072022,0.9,9,-0.32547200844543517,0.493845264565727,0.23676480078890755,0.7373566743790916,False,0,False,
93,A3,10,0.04643896742666837,0.024854313718446455,0.5,5,-0.0028313725015796654,0.6265260501779668,0.43996629572843016,0.7191216246248593,False,0,False,
94,A3,10,0.019181131881996796,-0.011547213776795887,0.8,8,-0.35940262453394717,0.7288153950641205,0.9232691067573491,0.6611106751742386,False,0,False,
95,A3,10,0.029639663225582452,0.009445581574572778,0.7,7,-0.2821388377032813,0.6418618944793465,0.594560312476405,0.8186915194579298,False,0,False,
96,A3,10,0.037344639923891663,0.022336443993262057,0.6,6,-0.23450968018969096,0.6612083623910908,0.58866219502008,0.9339969150453431,False,0,False,
97,A4,10,0.05265203185491976,0.11760553125505337,0.7,7,0.2656326864332617,0.5154809920298232,0.46596672498570924,0.6452751728992301,False,8,False,
98,A4,10,0.04710110692545884,0.12233361676574127,0.7,7,0.010725634672030537,0.5796675458528503,0.24326154935008526,0.556907572027287,False,5,False,
99,A4,10,0.06844876999928645,0.2031523427146457,0.6,6,-0.08699596244548506,0.4031642005282189,0.20178636945442008,0.4464106442184029,False,7,False,
100,A4,10,0.05609891716414031,0.06488852143443839,0.6,6,-0.12890126661917092,0.43881853561413664,0.1624850752104891,0.33916934699968193,False,6,False,
101,A4,10,-0.08400730902370686,0.009347383103958416,0.5,5,-0.1177941812417421,0.5938334144702125,0.3433172180425778,0.6866344360851556,False,9,False,
102,A4,10,0.009781964507400343,0.03737459930743062,0.6,6,-0.06606577085482816,0.32344895309025273,0.10644161004271761,0.16061071282483833,False,7,False,
103,A4,10,0.10331167032623059,0.11393736871567829,0.5,5,0.048609953158669374,0.20058270513999604,0.11294578583513931,0.20984563014061897,False,8,False,
104,A4,10,-0.05541610712298996,0.039471239080852955,0.8,8,-0.25078253121768734,0.33345207378885044,0.17063725500000015,0.29783892652620125,False,6,False,
105,A4,10,0.027158928347481733,-0.012880924860969301,0.8,8,-0.3383256331346033,0.3360250076903046,0.17759810762038133,0.3513753048577225,False,6,False,
106,A4,10,-0.03298584318798721,-0.019990508480048744,0.5,5,-0.07058247025656836,0.5005658991528332,0.20120033319327563,0.4644413927815475,False,6,False,
107,A4,10,0.03706040863255153,0.03046726346416899,0.6,6,-0.015661240508813477,0.5315431026967354,0.2986223755957803,0.5904650331166881,False,5,False,
108,A4,10,-0.06958312134307461,-0.025378868854289437,0.8,8,-0.14185385267549838,0.4983810414357061,0.19694875068665307,0.511237115647265,False,3,False,
109,A4,10,-0.02895259547326699,-0.009331356194066935,0.6,6,-0.011149989267104504,0.5236343804500005,0.3626347703957827,0.5398996175997206,False,5,False,
110,A4,10,-0.0047346059792931355,-0.025041676709093713,0.7,7,-0.2165471215020219,0.3275737392803987,0.1255980012100027,0.30644050504816395,False,4,False,
111,A4,10,-0.0005673800585060968,0.011748116575070033,0.7,7,-0.22788348474461304,0.5064809193557173,0.3359741594903454,0.619028337292254,False,5,False,
112,A4,10,0.005151697724193261,0.01336965056754867,0.7,7,-0.03545306086934369,0.5441513518960062,0.16516267142483645,0.6660099440288196,False,5,False,
113,A4,10,0.46115948648711297,0.27085846008097186,0.6,6,0.12392990830317072,0.24136941398184644,0.17510087714555916,0.29721160897485754,True,10,False,
114,A4,10,0.11412788020350562,0.01664671956919367,0.5,5,-0.08057239827605137,0.22341338532137123,0.12081865209108705,0.19517024408061437,False,7,False,
115,A4,10,0.04858494812062866,0.129712954050476,0.5,5,-0.0749608988320986,0.32672998866118624,0.10348730900423775,0.17487054867165383,False,9,False,
116,A4,10,0.02918627183845488,0.08204477588052961,0.6,6,-0.07371490691940907,0.2353336364438278,0.22359960996883174,0.2660873492386762,False,6,False,
117,A4,10,-0.07463916431696456,-0.015323539262605393,0.8,8,-0.15474889586306484,0.29695838533208946,0.0906335779160467,0.14169949683234873,True,10,False,
118,A4,10,-0.038600883685064605,0.07914534758821398,0.6,6,-0.029200356745422606,0.5003148942792314,0.1743717205952468,0.5012257428007657,False,7,False,
119,A4,10,-0.005411819480853601,-0.008248375945019013,0.6,6,-0.21737206594348163,0.42451241905940246,0.09048348510172324,0.37223578313279415,True,10,False,
120,A4,10,-0.01782803832807231,0.0059365634287294865,0.8,8,-0.2665429550730483,0.3799361536549642,0.08660536410878372,0.20905320870865873,False,8,False,
121,A4,10,-0.07094914557765722,0.07854775362114852,0.8,8,-0.39413813519139024,0.339861512465088,0.3480860934337626,0.39384887268863306,False,5,False,
122,A4,10,0.006033098713134032,0.20079567436220538,0.9,9,-0.15485550683110905,0.5326627747700815,0.08558289144594379,0.7652983650494276,False,5,False,
123,A4,10,-0.05089278661415231,0.1288658016463026,0.6,6,0.02568596605052862,0.2666336823335982,0.1503842617277214,0.21133111603145202,False,5,False,
124,A4,10,0.0010547327186847277,0.12376113359622083,0.7,7,0.03600385431754151,0.11891791274195103,0.08171295992130344,0.12270966814850919,False,5,False,
125,A4,10,0.06479480969271585,0.17585550201090885,0.8,8,-0.203205163949656,0.5444504517481562,0.23003938547480862,0.5388703930992775,False,5,False,
126,A4,10,-0.07921835097347593,0.03492197718298088,0.6,6,-0.03929717701491986,0.4843023588759215,0.2104369038857615,0.43360770152713385,False,6,False,
127,A4,10,-0.05245786204205325,0.12408686550229597,0.7,7,0.18342906174796209,0.5060022825861891,0.4113213441187987,0.5554621934152566,False,6,False,
128,A4,10,-0.051918718525141745,0.012182609388781978,0.6,6,-0.03350330878936836,0.6372462383657431,0.34789308325664264,0.7982146539793902,False,6,False,
129,A5,10,0.02506224854523785,0.011956595984584845,0.6,6,-0.20308030427783566,0.47020083725502293,0.14259130925702018,0.5013326112894134,False,5,False,
130,A5,10,-0.006895757934897239,0.0026372257593500615,0.7,7,-0.1566806209627531,0.5399244093167708,0.3564956981586061,0.6905198207172133,False,5,False,
131,A5,10,0.05540454158064066,0.00047347652839698303,0.6,6,-0.29178885712583763,0.4921022170937573,0.3161199309934234,0.573887020096027,False,9,False,
132,A5,10,-0.03574329275545962,-0.003866043990677643,0.7,7,-0.05753307310071236,0.45276702825035425,0.37361012677081235,0.4404793737009047,False,5,False,
133,A5,10,0.03936406423046791,0.08969052065412227,0.6,6,0.02683465062241407,0.5232388582222534,0.5316564766054312,0.6174645208044225,True,10,False,
134,A5,10,0.03067592868089657,0.008670705604211985,0.6,6,-0.11493996832816893,0.5748295644136064,0.4109543843860645,0.6167704831789105,False,9,False,
135,A5,10,0.1912402716279173,0.17549060184082702,0.8,8,-0.3906112594746973,0.4111010994471865,0.2854959237223089,0.4464375658198144,True,10,False,
136,A5,10,0.23251424524489947,0.20788847968070237,0.6,6,0.08203039305051318,0.5019768852151819,0.29535437237954787,0.5453332574653904,True,10,False,
137,A5,10,0.04752644897667464,0.02845446041071605,0.6,6,-0.03572860212391199,0.7393643766643249,0.7428568383190028,0.9072648515114639,False,3,False,
138,A5,10,0.056828092053371214,0.07505117352209192,0.8,8,-0.5687225995219743,0.4298604829542638,0.7161785340967491,0.4158653223481464,False,0,False,
139,A5,10,0.062126807512932807,0.030295666818783044,0.6,6,-0.06628177156600017,0.6492819266856283,0.2670276401558047,0.8049522794053561,False,2,False,
140,A5,10,-0.0068634887606403355,0.008953453565333237,0.5,5,-0.0963056173466269,0.6843378357090995,0.4183322505070841,0.7820603661751349,False,1,False,
141,A5,10,-0.014511207531959192,-0.002678763563462268,0.6,6,-0.023606410369977803,0.6848870252891521,0.5501439148382476,0.8232515020800717,False,4,False,
142,A5,10,0.033915682087000194,0.004593990403875636,0.5,5,-0.04118742839427446,0.6966862914067334,0.548831860649655,0.8487493621516423,False,4,False,
143,A5,10,0.07198464052022567,0.016771530746169036,0.6,6,-0.031029764733499315,0.6502333000237991,0.2649522496428809,0.7766279685701656,False,3,False,
144,A5,10,0.023568556330284707,0.005389107030973799,0.7,7,-0.16824372317183509,0.8374500924143498,1.0,0.9295172123225135,False,1,False,
145,A5,10,0.13624379514511636,0.20499124735438226,0.8,8,-0.28984292035840487,0.193005212193873,0.35186485163657377,0.17933174506735433,False,9,False,
146,A5,10,0.028039610877426166,0.03390447184461576,0.6,6,-0.196182713608007,0.5579247937491391,0.2749252927538471,0.6650412764733997,False,6,False,
147,A5,10,0.07004798259608223,0.04725938681042484,0.7,7,-0.22667409905552152,0.47609637249107684,0.41113767030969234,0.46468498918015333,False,5,False,
148,A5,10,0.0011080845016061358,5.562755357178272e-05,0.5,5,-0.05710863600192856,0.5890045444208661,0.16613019324580214,0.7657047880954461,False,1,False,
149,A5,10,0.032596441374221984,0.019608127121571808,0.7,7,-0.15494669389736915,0.5984434016459965,0.513620468246371,0.6528906754288825,False,5,False,
150,A5,10,0.02440097988309305,0.01919805297862282,0.7,7,-0.2255154673184232,0.7188922213825869,0.8739689343749323,0.8157088716408651,False,6,False,
151,A5,10,-0.02363718178860557,-0.026406716811098158,0.6,6,-0.14571769469579832,0.6278968200108721,0.57326755036837,0.77077738137059,False,4,False,
152,A5,10,0.05224223953134221,0.008447218755282157,0.6,6,-0.14862147036600434,0.6712856450195833,0.5679199369059336,0.7669359229674187,False,8,False,
153,A5,10,0.06310831481560117,0.03246642018933863,0.8,8,-0.21125247402386002,0.40651078761249315,0.26123500358999424,0.4614922129182525,False,7,False,
154,A5,10,0.08007344125924817,0.0270142458320554,0.9,9,-0.5007269559097873,0.49624136725882706,0.6411652870433096,0.7139524461232868,False,5,False,
155,A5,10,-0.00945044591188179,-0.0008181988889945441,0.7,7,-0.31569517224020516,0.6655578491531936,0.7228546769394122,0.7575767302553007,False,3,False,
156,A5,10,-0.039091223608072045,0.012007332278322996,0.6,6,-0.10867748826053089,0.6236000967202373,0.4422830781078888,0.6964217110061108,False,2,False,
157,A5,10,0.033931679331745374,0.021514966343340235,0.6,6,-0.1577135513548295,0.61086129464677,0.5614195863453287,0.6547510476428187,False,3,False,
158,A5,10,-0.07184289436240654,-0.009457723415733964,0.5,5,-0.0549959894230849,0.6197391281802489,0.44270389707364155,0.6564054619725244,False,2,False,
159,A5,10,0.05870634859321578,0.011785319629100201,0.8,8,-0.3490618451967624,0.4753189935959295,0.441804868466635,0.5856593019285465,False,3,False,
160,A5,10,0.03807427815284671,0.011606096214705994,0.7,7,-0.193851020958609,0.620274264963485,0.5677733364865991,0.7024922149106978,False,3,False,
